country;year;trade_amount_USD
Afghanistan;2008;3019860129
Afghanistan;2009;3336434781
Afghanistan;2010;5154249867
Afghanistan;2011;6390310947
Afghanistan;2012;6204984101
Afghanistan;2013;8554413749
Afghanistan;2014;7697178170
Afghanistan;2015;7722865049
Albania;1996;938481792
Albania;1997;629026304
Albania;1998;841256184
Albania;1999;1154351169
Albania;2000;1089467879
Albania;2001;1330631066
Albania;2002;1503685206
Albania;2003;1864335652
Albania;2004;2300562621
Albania;2005;2710813978
Albania;2006;3493228421
Albania;2007;4205358799
Albania;2008;5250999090
Albania;2009;4548560278
Albania;2010;4602801360
Albania;2011;5395853069
Albania;2012;4879829648
Albania;2013;4880593254
Albania;2014;5229972238
Albania;2015;4320219367
Algeria;1992;8647816192
Algeria;1993;8785274880
Algeria;1994;9598673920
Algeria;1995;10782432256
Algeria;1996;9105595392
Algeria;1997;8688356352
Algeria;1998;9403430912
Algeria;1999;9161845368
Algeria;2000;9152077226
Algeria;2001;9947104295
Algeria;2002;12010001964
Algeria;2003;13545429533
Algeria;2004;18303023344
Algeria;2005;20356879694
Algeria;2006;21455854547
Algeria;2007;27631203951
Algeria;2008;39474721566
Algeria;2009;39258326938
Algeria;2010;40999891115
Algeria;2011;47219730324
Algeria;2012;50369390586
Algeria;2013;54909973274
Algeria;2014;58618080185
Algeria;2015;51803071085
Andorra;1995;1025480576
Andorra;1996;1061358400
Andorra;1997;1061291648
Andorra;1998;1064134784
Andorra;1999;1078680594
Andorra;2000;1011959615
Andorra;2001;1042065997
Andorra;2002;1199570945
Andorra;2003;1513115270
Andorra;2004;1761745343
Andorra;2006;1789017367
Andorra;2007;1926944644
Andorra;2008;1942043810
Andorra;2009;1618060303
Andorra;2010;1540506337
Andorra;2011;1620803191
Andorra;2012;1418898086
Andorra;2013;1487194105
Andorra;2014;1556048540
Angola;2007;11094843413
Angola;2009;23918854361
Angola;2010;18143268908
Angola;2011;20790996039
Angola;2012;28722984456
Angola;2013;26756062991
Angola;2014;28753499329
Angola;2015;16757790049
Anguilla;2000;94514171
Anguilla;2001;77704660
Anguilla;2002;69893421
Anguilla;2003;76776651
Anguilla;2004;102438551
Anguilla;2006;174899062
Anguilla;2007;247904776
Anguilla;2008;271744400
Antigua and Barbuda;1999;356003488
Antigua and Barbuda;2000;338187415
Antigua and Barbuda;2005;525205964
Antigua and Barbuda;2006;670748045
Antigua and Barbuda;2007;573078069
Antigua and Barbuda;2009;699056325
Antigua and Barbuda;2010;501230695
Antigua and Barbuda;2011;471410407
Antigua and Barbuda;2012;532257671
Antigua and Barbuda;2013;507891844
Antigua and Barbuda;2014;551751293
Antigua and Barbuda;2015;465127071
Argentina;1993;16772908032
Argentina;1994;21581053952
Argentina;1995;20121640960
Argentina;1996;23761555456
Argentina;1997;30349402112
Argentina;1998;31377246208
Argentina;1999;25507944033
Argentina;2000;25280463491
Argentina;2001;20321127098
Argentina;2002;8989546000
Argentina;2003;13850774000
Argentina;2004;22445246576
Argentina;2005;28688637653
Argentina;2006;34174301896
Argentina;2007;44707041808
Argentina;2008;57491208647
Argentina;2009;38820191732
Argentina;2010;56821188426
Argentina;2011;73997511726
Argentina;2012;68020508709
Argentina;2013;74475955133
Argentina;2014;65257758333
Argentina;2015;59786844707
Armenia;1997;754439680
Armenia;1999;810846494
Armenia;2000;840307429
Armenia;2001;840801789
Armenia;2002;962930979
Armenia;2003;1237757265
Armenia;2004;1349761910
Armenia;2005;1692662218
Armenia;2006;2195557775
Armenia;2007;3054167579
Armenia;2008;4113521571
Armenia;2009;3194374412
Armenia;2010;3823757924
Armenia;2011;4122484288
Armenia;2012;4277375306
Armenia;2013;4267896796
Armenia;2014;4166257868
Armenia;2015;3259745576
Aruba;2000;835229439
Aruba;2001;836234454
Aruba;2002;842875655
Aruba;2003;846620627
Aruba;2004;876171743
Aruba;2005;1108307609
Aruba;2006;1041334001
Aruba;2007;1113876882
Aruba;2008;1112619693
Aruba;2009;1149199674
Aruba;2010;1071033527
Aruba;2011;1284948780
Aruba;2012;1259804184
Aruba;2013;1303316843
Aruba;2014;1284149421
Aruba;2015;1165014285
Australia;1988;33025740133
Australia;1989;39839624977
Australia;1990;38632769854
Australia;1991;38456377341
Australia;1992;40598172996
Australia;1993;42366602456
Australia;1994;49918035761
Australia;1995;57422799123
Australia;1996;61400054057
Australia;1997;61833388139
Australia;1998;60774215642
Australia;1999;65198357215
Australia;2000;71843516671
Australia;2001;64556789622
Australia;2002;73322078756
Australia;2003;89387622052
Australia;2004;109884844011
Australia;2005;125647764216
Australia;2006;139908895552
Australia;2007;166137231509
Australia;2008;201358255220
Australia;2009;166278310581
Australia;2010;202621213154
Australia;2011;234900091159
Australia;2012;251447465707
Australia;2013;233532424974
Australia;2014;228601943713
Australia;2015;200896893422
Austria;1994;55290413056
Austria;1995;66405670912
Austria;1996;67283750912
Austria;1997;63630995456
Austria;1998;67098177536
Austria;1999;66003473393
Austria;2000;68373911913
Austria;2001;70491571059
Austria;2002;72796195961
Austria;2003;91595357834
Austria;2004;111261147199
Austria;2005;119950092010
Austria;2006;134356314386
Austria;2007;156055652650
Austria;2008;175025754112
Austria;2009;136418429213
Austria;2010;150592664071
Austria;2011;182349823981
Austria;2012;169663240578
Austria;2013;173357539421
Austria;2014;172447473995
Austria;2015;147935123859
Azerbaijan;1996;960603264
Azerbaijan;1997;794337920
Azerbaijan;1998;1076489216
Azerbaijan;1999;1035652323
Azerbaijan;2000;1172038210
Azerbaijan;2001;1430877454
Azerbaijan;2002;1665564219
Azerbaijan;2003;2626427367
Azerbaijan;2004;3515861062
Azerbaijan;2005;4211207311
Azerbaijan;2006;5266743705
Azerbaijan;2007;5712178288
Azerbaijan;2008;7161847499
Azerbaijan;2009;6119060204
Azerbaijan;2010;6596796766
Azerbaijan;2011;9732869048
Azerbaijan;2012;9641723771
Azerbaijan;2013;10763391507
Azerbaijan;2014;9178588183
Azerbaijan;2015;9211125764
Bahamas;1997;1621739008
Bahamas;1998;1815543296
Bahamas;1999;1750850304
Bahamas;2000;2002171986
Bahamas;2001;1927317261
Bahamas;2002;1838254314
Bahamas;2003;1873809029
Bahamas;2004;1976138649
Bahamas;2005;2566676925
Bahamas;2006;2984310381
Bahamas;2007;3102601552
Bahamas;2008;3229968663
Bahamas;2009;2698526468
Bahamas;2010;2861948147
Bahamas;2011;3410316267
Bahamas;2012;3646505184
Bahamas;2013;3365293982
Bahamas;2014;3790365670
Bahamas;2015;3161314272
Bahrain;2000;4633587880
Bahrain;2001;4296168301
Bahrain;2002;5010859566
Bahrain;2003;5657241320
Bahrain;2004;6583640187
Bahrain;2005;9339254009
Bahrain;2006;8956853532
Bahrain;2007;11515148862
Bahrain;2008;18414553284
Bahrain;2009;11993377020
Bahrain;2010;16001647094
Bahrain;2011;17643318338
Bahrain;2012;14252676997
Bahrain;2013;18617509370
Bahrain;2014;20073756707
Bahrain;2015;16377628455
Bangladesh;1989;2954929854
Bangladesh;1990;3431776515
Bangladesh;1991;3136684155
Bangladesh;1992;3467048704
Bangladesh;1993;3525707166
Bangladesh;1995;5438407896
Bangladesh;1996;6225296170
Bangladesh;1997;6784461253
Bangladesh;1998;7017968265
Bangladesh;2000;7611261550
Bangladesh;2001;8041198469
Bangladesh;2002;9215132571
Bangladesh;2003;10358956231
Bangladesh;2004;11624631701
Bangladesh;2005;12630526296
Bangladesh;2006;15688545072
Bangladesh;2007;17677770881
Bangladesh;2008;24386831975
Bangladesh;2009;23286632988
Bangladesh;2010;30503835497
Bangladesh;2011;41221651781
Barbados;1997;995204672
Barbados;1998;1022074176
Barbados;1999;1067336896
Barbados;2000;1155540249
Barbados;2001;1068112867
Barbados;2002;996557878
Barbados;2003;1194985296
Barbados;2004;1093753542
Barbados;2005;1671864185
Barbados;2006;1628554708
Barbados;2007;1298657111
Barbados;2008;1744262693
Barbados;2009;1340712876
Barbados;2010;1196240059
Barbados;2011;1775403402
Barbados;2012;1767767063
Barbados;2013;1768742476
Barbados;2014;1740471483
Barbados;2015;1617853172
Belarus;1998;8549278208
Belarus;1999;6673728512
Belarus;2000;8646200000
Belarus;2001;8286374600
Belarus;2002;9092341100
Belarus;2003;11558019700
Belarus;2004;16345466800
Belarus;2005;16698737000
Belarus;2006;22323213500
Belarus;2007;28693112600
Belarus;2008;39381251500
Belarus;2009;28568991600
Belarus;2010;34884450900
Belarus;2011;45759076500
Belarus;2012;46404389200
Belarus;2013;43022675000
Belarus;2014;40502359800
Belarus;2015;30291492800
Belgium;1999;164603472960
Belgium;2000;176990651494
Belgium;2001;178697512388
Belgium;2002;198094630569
Belgium;2003;234922194436
Belgium;2004;286478237982
Belgium;2005;319085461278
Belgium;2006;353093659615
Belgium;2007;413035800320
Belgium;2008;466338013887
Belgium;2009;354586368473
Belgium;2010;391255897338
Belgium;2011;466348604445
Belgium;2012;437882665741
Belgium;2013;488442091068
Belgium;2014;452772540874
Belgium;2015;371025046731
Belgium-Luxembourg;1995;153388335104
Belgium-Luxembourg;1996;157996204032
Belgium-Luxembourg;1997;159458607104
Belgium-Luxembourg;1998;166721634304
Belize;1992;274148544
Belize;1993;280908824
Belize;1994;259937888
Belize;1995;258509299
Belize;1996;255553433
Belize;1997;286067639
Belize;1998;292261248
Belize;1999;284586880
Belize;2000;446932894
Belize;2001;519539688
Belize;2002;527036654
Belize;2003;551637759
Belize;2004;514023591
Belize;2005;438583684
Belize;2006;660343069
Belize;2007;684342489
Belize;2008;836543793
Belize;2009;665094704
Belize;2010;699951307
Belize;2011;835541768
Belize;2012;880334971
Belize;2013;931224839
Belize;2014;1002384369
Belize;2015;1028724981
Benin;1998;807020032
Benin;1999;690955008
Benin;2000;547076221
Benin;2001;601510182
Benin;2002;725028594
Benin;2003;891974145
Benin;2004;893819934
Benin;2005;898695761
Benin;2006;1003250250
Benin;2007;1630866027
Benin;2008;1713643054
Benin;2009;1548967817
Benin;2010;2133551198
Benin;2011;2070012091
Benin;2012;2316427344
Benin;2013;2940678607
Benin;2014;3703725329
Benin;2015;2474735519
Bermuda;1995;633307520
Bermuda;1997;587153344
Bermuda;2005;988439889
Bermuda;2006;1075889304
Bermuda;2007;1137349143
Bermuda;2008;1158593617
Bermuda;2009;1031615281
Bermuda;2010;970101965
Bermuda;2011;881508515
Bermuda;2012;866904652
Bermuda;2013;994572258
Bermuda;2014;961075407
Bermuda;2015;928900937
Bhutan;1993;90792720
Bhutan;1994;91066448
Bhutan;1998;134496432
Bhutan;1999;182077408
Bhutan;2005;387010762
Bhutan;2006;418909981
Bhutan;2007;498139703
Bhutan;2008;543270693
Bhutan;2009;529407504
Bhutan;2010;853803672
Bhutan;2011;1051747355
Bhutan;2012;991702621
Bolivia (Plurinational State of);1992;1128597248
Bolivia (Plurinational State of);1993;1176929920
Bolivia (Plurinational State of);1994;1196333440
Bolivia (Plurinational State of);1995;1396248576
Bolivia (Plurinational State of);1996;1643040000
Bolivia (Plurinational State of);1997;1909178240
Bolivia (Plurinational State of);1998;2350150400
Bolivia (Plurinational State of);1999;1835407742
Bolivia (Plurinational State of);2000;1848714496
Bolivia (Plurinational State of);2001;1707534464
Bolivia (Plurinational State of);2002;1769338752
Bolivia (Plurinational State of);2003;1684480128
Bolivia (Plurinational State of);2004;1887055515
Bolivia (Plurinational State of);2005;2343292514
Bolivia (Plurinational State of);2006;2824839298
Bolivia (Plurinational State of);2007;3521958528
Bolivia (Plurinational State of);2008;5006365268
Bolivia (Plurinational State of);2009;4408975779
Bolivia (Plurinational State of);2010;5603873653
Bolivia (Plurinational State of);2011;7935744415
Bolivia (Plurinational State of);2012;8590084890
Bolivia (Plurinational State of);2013;9352970990
Bolivia (Plurinational State of);2014;10492100639
Bolivia (Plurinational State of);2015;9766442452
Bosnia Herzegovina;2003;4827419232
Bosnia Herzegovina;2004;5980462683
Bosnia Herzegovina;2005;7053770509
Bosnia Herzegovina;2006;7559256431
Bosnia Herzegovina;2007;9720056196
Bosnia Herzegovina;2008;12188608532
Bosnia Herzegovina;2009;8363714090
Bosnia Herzegovina;2010;9222997633
Bosnia Herzegovina;2011;11050575357
Bosnia Herzegovina;2012;10019077121
Bosnia Herzegovina;2013;10295187458
Bosnia Herzegovina;2014;10990420322
Bosnia Herzegovina;2015;8993966160
Bosnia Herzegovina;2016;9129611317
Botswana;2000;2072052736
Botswana;2001;1810758528
Botswana;2002;3396934843
Botswana;2003;3964049894
Botswana;2004;3235331368
Botswana;2005;3162337148
Botswana;2006;3053297737
Botswana;2007;3986915810
Botswana;2008;5211097372
Botswana;2009;4728028513
Botswana;2010;5656806368
Botswana;2011;7272011432
Botswana;2012;8025287848
Botswana;2013;7433499256
Botswana;2014;7830451253
Botswana;2015;7631266675
Brazil;1989;19860207616
Brazil;1990;22458519552
Brazil;1991;22976327680
Brazil;1992;22345572352
Brazil;1993;27299446784
Brazil;1994;35508473856
Brazil;1995;53734285312
Brazil;1996;56729460736
Brazil;1997;65074597888
Brazil;1998;60793118720
Brazil;1999;51747393438
Brazil;2000;55974260055
Brazil;2001;55689616365
Brazil;2002;47297633429
Brazil;2003;48444335262
Brazil;2004;62955670605
Brazil;2005;73684800352
Brazil;2006;91420763014
Brazil;2007;120697829915
Brazil;2008;173443672193
Brazil;2009;127851032511
Brazil;2010;181232444233
Brazil;2011;226987710020
Brazil;2012;223149128347
Brazil;2013;239620904905
Brazil;2014;229060056454
Brazil;2015;171446211662
Brunei Darussalam;1992;1475652608
Brunei Darussalam;1993;1820530944
Brunei Darussalam;1994;1873626752
Brunei Darussalam;1997;2110429184
Brunei Darussalam;1998;1565943110
Brunei Darussalam;2001;1100281204
Brunei Darussalam;2002;1498850176
Brunei Darussalam;2003;1243570432
Brunei Darussalam;2004;1427096589
Brunei Darussalam;2006;1676185388
Brunei Darussalam;2012;3572226691
Brunei Darussalam;2013;3612434588
Brunei Darussalam;2014;3598739678
Brunei Darussalam;2015;3229077312
Bulgaria;1996;5073922048
Bulgaria;1997;4931953664
Bulgaria;1998;4995096064
Bulgaria;1999;5409527038
Bulgaria;2000;6504688325
Bulgaria;2001;7278158957
Bulgaria;2002;7987045940
Bulgaria;2003;10886579888
Bulgaria;2004;14467100657
Bulgaria;2005;18162452722
Bulgaria;2006;23268729351
Bulgaria;2007;30113367009
Bulgaria;2008;37034788035
Bulgaria;2009;23354761096
Bulgaria;2010;25359886220
Bulgaria;2011;32493611423
Bulgaria;2012;32743133695
Bulgaria;2013;34306833925
Bulgaria;2014;34740042449
Bulgaria;2015;29265116176
Burkina Faso;1995;483809088
Burkina Faso;1996;580572736
Burkina Faso;1997;726500736
Burkina Faso;1998;796083663
Burkina Faso;1999;781773730
Burkina Faso;2000;723553503
Burkina Faso;2001;551169472
Burkina Faso;2002;582706432
Burkina Faso;2003;785968408
Burkina Faso;2004;995361532
Burkina Faso;2005;1160682932
Burkina Faso;2007;1559794466
Burkina Faso;2008;1870147459
Burkina Faso;2009;1870280752
Burkina Faso;2010;2048216351
Burkina Faso;2011;2406395702
Burkina Faso;2012;3567959254
Burkina Faso;2013;4365442668
Burkina Faso;2014;3575097344
Burkina Faso;2015;2981591235
Burundi;1993;221209600
Burundi;1994;203344832
Burundi;1995;270489664
Burundi;1996;139802224
Burundi;1997;120567432
Burundi;1998;162234928
Burundi;1999;131972128
Burundi;2000;150219354
Burundi;2001;138898120
Burundi;2002;128838553
Burundi;2003;144650753
Burundi;2004;172728958
Burundi;2005;258152953
Burundi;2006;433635513
Burundi;2007;422995874
Burundi;2008;315157397
Burundi;2009;344795673
Burundi;2010;404052006
Burundi;2011;1129297373
Burundi;2012;1003121113
Burundi;2013;721856439
Burundi;2014;672578787
Burundi;2015;560585346
Cabo Verde;1997;260961152
Cabo Verde;1998;231102352
Cabo Verde;1999;262204816
Cabo Verde;2000;237260889
Cabo Verde;2001;247531264
Cabo Verde;2002;293055713
Cabo Verde;2003;354832804
Cabo Verde;2004;429233600
Cabo Verde;2005;438178205
Cabo Verde;2006;538196285
Cabo Verde;2007;736992206
Cabo Verde;2008;824159136
Cabo Verde;2009;671026523
Cabo Verde;2010;730765791
Cabo Verde;2011;946557158
Cabo Verde;2012;754756852
Cabo Verde;2013;726366551
Cabo Verde;2014;768743196
Cabo Verde;2015;606295342
Cambodia;2000;1438774687
Cambodia;2001;1506907504
Cambodia;2002;1667231535
Cambodia;2003;1774692299
Cambodia;2004;2062692658
Cambodia;2005;2552184696
Cambodia;2006;2989226012
Cambodia;2007;3555123366
Cambodia;2008;4416653317
Cambodia;2009;3906184484
Cambodia;2010;4902523729
Cambodia;2011;6158406261
Cambodia;2012;7466708038
Cambodia;2013;8231539701
Cambodia;2014;9702422207
Cambodia;2015;10713337819
Cameroon;1995;1078532608
Cameroon;1996;1204333696
Cameroon;1997;1496454528
Cameroon;1998;1495135419
Cameroon;1999;1315739392
Cameroon;2000;1483629578
Cameroon;2001;1848351263
Cameroon;2002;1868039098
Cameroon;2003;2163745821
Cameroon;2004;2406310065
Cameroon;2005;2735156115
Cameroon;2006;3208130756
Cameroon;2007;4656503629
Cameroon;2008;4137863424
Cameroon;2009;3788598514
Cameroon;2010;5151938147
Cameroon;2011;5075777550
Cameroon;2012;6515067540
Cameroon;2013;6657200199
Cameroon;2014;7561138520
Cameroon;2015;6036814820
Canada;1989;113908348657
Canada;1990;116508713482
Canada;1991;118093691464
Canada;1992;122440171520
Canada;1993;131331087210
Canada;1994;148185450072
Canada;1995;164370978200
Canada;1996;170605558987
Canada;1997;197010906689
Canada;1998;201372543503
Canada;1999;215554886332
Canada;2000;244626417849
Canada;2001;221623397963
Canada;2002;225879218957
Canada;2003;243285331924
Canada;2004;276723770834
Canada;2005;317371111948
Canada;2006;353216890928
Canada;2007;384119798418
Canada;2008;412268240066
Canada;2009;324150423954
Canada;2010;395946944278
Canada;2011;454553969721
Canada;2012;465746766790
Canada;2013;465160458729
Canada;2014;466312761998
Canada;2015;422237337167
Cayman Isds;2013;929345169
Cayman Isds;2015;915454381
Central African Rep.;1993;143520432
Central African Rep.;1994;154160288
Central African Rep.;1995;265497568
Central African Rep.;1996;179940576
Central African Rep.;1997;106862248
Central African Rep.;1998;117097784
Central African Rep.;1999;95346416
Central African Rep.;2000;70468712
Central African Rep.;2001;67632968
Central African Rep.;2002;74734808
Central African Rep.;2003;99617528
Central African Rep.;2004;179151501
Central African Rep.;2005;185285914
Central African Rep.;2006;140441569
Central African Rep.;2007;197763982
Central African Rep.;2008;185016281
Central African Rep.;2009;211713557
Central African Rep.;2010;209945572
Central African Rep.;2011;214703270
Central African Rep.;2012;217528639
Central African Rep.;2013;129726502
Central African Rep.;2014;308030080
Central African Rep.;2015;456596903
Chad;1995;215168272
Chile;1990;7022278656
Chile;1991;7452625408
Chile;1992;9455495168
Chile;1993;10541861888
Chile;1994;11149066240
Chile;1995;14903049216
Chile;1996;16809973760
Chile;1997;18110803968
Chile;1998;17082405888
Chile;1999;13891477545
Chile;2000;16619725987
Chile;2001;16136155354
Chile;2002;15383398153
Chile;2003;19264124152
Chile;2004;24726946785
Chile;2005;32925507958
Chile;2006;39010884591
Chile;2007;47594031903
Chile;2008;62817178894
Chile;2009;42814012677
Chile;2010;59206938821
Chile;2011;74693535770
Chile;2012;80066780609
Chile;2013;79172797726
Chile;2014;72369262561
Chile;2015;63050792138
China;1992;80585300523
China;1993;103958939693
China;1994;115613601803
China;1995;132083499604
China;1996;138832734845
China;1997;142370324066
China;1998;140236765269
China;1999;165699066576
China;2000;232266834957
China;2001;252318380668
China;2002;310150295838
China;2003;437854092115
China;2004;599883286314
China;2005;715115666805
China;2006;864793702028
China;2007;1041888651354
China;2008;1225023361591
China;2009;1091969218602
China;2010;1502869462571
China;2011;1866009249910
China;2012;1961129140547
China;2013;2107533202344
China;2014;2102651628253
China;2015;1826105322200
China, Hong Kong SAR;1993;141307554361
China, Hong Kong SAR;1994;165877530624
China, Hong Kong SAR;1995;196071753754
China, Hong Kong SAR;1996;201283969779
China, Hong Kong SAR;1997;213299999865
China, Hong Kong SAR;1998;186759283447
China, Hong Kong SAR;1999;180710618558
China, Hong Kong SAR;2000;214068411615
China, Hong Kong SAR;2001;202008927992
China, Hong Kong SAR;2002;207969014584
China, Hong Kong SAR;2003;233249013923
China, Hong Kong SAR;2004;272957200609
China, Hong Kong SAR;2005;300160445734
China, Hong Kong SAR;2006;335753795662
China, Hong Kong SAR;2007;370132465650
China, Hong Kong SAR;2008;392962349938
China, Hong Kong SAR;2009;352240745198
China, Hong Kong SAR;2010;441369197518
China, Hong Kong SAR;2011;510854737709
China, Hong Kong SAR;2012;553486468741
China, Hong Kong SAR;2013;621416867628
China, Hong Kong SAR;2014;600613065837
China, Hong Kong SAR;2015;559283822090
China, Macao SAR;1991;1839269504
China, Macao SAR;1992;1948183936
China, Macao SAR;1993;1996407552
China, Macao SAR;1994;2089227264
China, Macao SAR;1995;2025300224
China, Macao SAR;1996;1991975040
China, Macao SAR;1997;2076626176
China, Macao SAR;1998;1947667072
China, Macao SAR;1999;2035867008
China, Macao SAR;2000;2995983254
China, Macao SAR;2001;3260851216
China, Macao SAR;2002;3487420162
China, Macao SAR;2003;3710081295
China, Macao SAR;2004;4709660713
China, Macao SAR;2005;5116629058
China, Macao SAR;2006;5905710697
China, Macao SAR;2007;6724296203
China, Macao SAR;2008;6394201853
China, Macao SAR;2009;4881870061
China, Macao SAR;2010;5745630990
China, Macao SAR;2011;8081066774
China, Macao SAR;2012;9094989365
China, Macao SAR;2014;11541643114
China, Macao SAR;2015;10602579550
Colombia;1991;4966978048
Colombia;1992;6683928064
Colombia;1993;9829160960
Colombia;1994;11934947328
Colombia;1995;13883488256
Colombia;1996;13680470016
Colombia;1997;15378803712
Colombia;1998;14677125120
Colombia;1999;10659186688
Colombia;2000;11757001451
Colombia;2001;12820352186
Colombia;2002;12689965006
Colombia;2003;14089614692
Colombia;2004;17099536992
Colombia;2005;21614545096
Colombia;2006;26786268417
Colombia;2007;32897045325
Colombia;2008;39668840245
Colombia;2009;33021663281
Colombia;2010;40848773157
Colombia;2011;56177906180
Colombia;2012;59341933174
Colombia;2013;60318577898
Colombia;2014;65115389710
Colombia;2015;54035533653
Comoros;1995;62392852
Comoros;1996;56641000
Comoros;1997;55029108
Comoros;1998;46949896
Comoros;1999;79851136
Comoros;2000;36281201
Comoros;2001;35137014
Comoros;2002;37133344
Comoros;2003;45860675
Comoros;2004;64955218
Comoros;2005;85149984
Comoros;2006;101386037
Comoros;2007;120740324
Comoros;2008;119105257
Comoros;2009;144457317
Comoros;2010;181243833
Comoros;2011;184120810
Comoros;2012;125805231
Comoros;2013;115238031
Congo;1993;347060768
Congo;1994;395159616
Congo;1995;555904448
Congo;2007;3928834277
Congo;2008;3539647608
Congo;2009;4447112560
Congo;2010;4369417122
Congo;2011;7012525239
Congo;2012;7348554335
Congo;2013;8371623127
Congo;2014;3347657927
Cook Isds;2001;46879292
Cook Isds;2002;47418199
Cook Isds;2003;71149081
Cook Isds;2004;75947907
Cook Isds;2005;81272945
Cook Isds;2007;103209430
Cook Isds;2009;81557386
Cook Isds;2010;90628915
Cook Isds;2011;109316111
Costa Rica;1994;3024326400
Costa Rica;1995;3205464832
Costa Rica;1996;3560994560
Costa Rica;1997;4510893568
Costa Rica;1998;6237100032
Costa Rica;1999;5986504619
Costa Rica;2000;6028836352
Costa Rica;2001;6272249344
Costa Rica;2002;6894239232
Costa Rica;2003;7388170418
Costa Rica;2004;8003129239
Costa Rica;2005;9200652559
Costa Rica;2006;11070461479
Costa Rica;2007;12757849001
Costa Rica;2008;15289400229
Costa Rica;2009;11550460954
Costa Rica;2010;13920243832
Costa Rica;2011;18263804971
Costa Rica;2012;18355992786
Costa Rica;2013;18124469250
Costa Rica;2014;17184912679
Costa Rica;2015;15504422756
Croatia;1992;4460712960
Croatia;1993;4666346496
Croatia;1994;5229113856
Croatia;1995;7509185024
Croatia;1996;7787760128
Croatia;1997;9122318336
Croatia;1998;8383010304
Croatia;1999;7777378559
Croatia;2000;7886511618
Croatia;2001;9147129932
Croatia;2002;10722045127
Croatia;2003;14209034610
Croatia;2004;16589172476
Croatia;2005;18560366869
Croatia;2006;21502493972
Croatia;2007;25829460931
Croatia;2008;30726986737
Croatia;2009;21204851207
Croatia;2010;20067004556
Croatia;2011;22714694002
Croatia;2012;20834262292
Croatia;2013;21932015340
Croatia;2014;22906873370
Croatia;2015;20580470841
Cuba;1999;4391241802
Cuba;2000;4843240864
Cuba;2001;5250845184
Cuba;2002;4176548454
Cuba;2003;4661954476
Cuba;2004;5609561088
Cuba;2005;8102342330
Cuba;2006;10185509256
Cyprus;1989;2280303104
Cyprus;1990;2563593472
Cyprus;1991;2620282624
Cyprus;1992;3300408832
Cyprus;1993;2535929856
Cyprus;1994;3014050816
Cyprus;1995;3693766400
Cyprus;1996;3981867520
Cyprus;1997;3698056448
Cyprus;1998;3686276608
Cyprus;1999;3617947136
Cyprus;2000;3847693387
Cyprus;2001;3926824103
Cyprus;2002;4084303489
Cyprus;2003;4467090683
Cyprus;2004;5730495758
Cyprus;2005;6382106088
Cyprus;2006;7045698860
Cyprus;2007;8748906634
Cyprus;2008;10849019023
Cyprus;2009;7933397121
Cyprus;2010;8644721987
Cyprus;2011;8788557849
Cyprus;2012;7376933504
Cyprus;2013;6418215727
Cyprus;2014;6828600812
Cyprus;2015;5666003587
Czech Rep.;1993;12703873024
Czech Rep.;1994;14950940672
Czech Rep.;1995;25303402496
Czech Rep.;1996;27717294080
Czech Rep.;1997;27183540224
Czech Rep.;1998;30524192768
Czech Rep.;1999;28837311765
Czech Rep.;2000;32242586506
Czech Rep.;2001;36476653549
Czech Rep.;2002;48230794211
Czech Rep.;2003;51239343424
Czech Rep.;2004;66705681857
Czech Rep.;2005;76528793318
Czech Rep.;2006;93429474463
Czech Rep.;2007;116822197474
Czech Rep.;2008;141834247817
Czech Rep.;2009;104849536210
Czech Rep.;2010;125690657757
Czech Rep.;2011;150813825024
Czech Rep.;2012;139727622964
Czech Rep.;2013;142525809677
Czech Rep.;2014;153225473918
Czech Rep.;2015;140716197293
Côte d'Ivoire;1995;2472055552
Côte d'Ivoire;1996;2615644416
Côte d'Ivoire;1997;2750775808
Côte d'Ivoire;1998;2999738880
Côte d'Ivoire;1999;2897644544
Côte d'Ivoire;2000;2482190848
Côte d'Ivoire;2001;2547863503
Côte d'Ivoire;2002;2599007488
Côte d'Ivoire;2003;3278553742
Côte d'Ivoire;2004;4714732603
Côte d'Ivoire;2005;5864962365
Côte d'Ivoire;2006;5820429127
Côte d'Ivoire;2007;6683116670
Côte d'Ivoire;2008;7883679372
Côte d'Ivoire;2009;6959933735
Côte d'Ivoire;2010;7849330823
Côte d'Ivoire;2011;6719987403
Côte d'Ivoire;2012;9769657073
Côte d'Ivoire;2013;12482984117
Côte d'Ivoire;2014;11177660087
Côte d'Ivoire;2015;9540420702
Denmark;1989;26618134528
Denmark;1990;31575709696
Denmark;1991;32169422848
Denmark;1992;33590321152
Denmark;1993;30535712768
Denmark;1994;35436449792
Denmark;1995;43141529600
Denmark;1996;43126353920
Denmark;1997;44492341248
Denmark;1998;45700681728
Denmark;1999;44316614710
Denmark;2000;44533303695
Denmark;2001;44625173798
Denmark;2002;49284928743
Denmark;2003;56227253873
Denmark;2004;66845208976
Denmark;2005;72715727008
Denmark;2006;84131166534
Denmark;2007;97422845558
Denmark;2008;109008153707
Denmark;2009;80096730483
Denmark;2010;82724280372
Denmark;2011;96008493220
Denmark;2012;91325521622
Denmark;2013;97251542755
Denmark;2014;99567827973
Denmark;2015;85327361281
Djibouti;2009;647615351
Dominica;1993;93785760
Dominica;1994;96311680
Dominica;1995;117265424
Dominica;1996;129939280
Dominica;1997;133222512
Dominica;1999;132828320
Dominica;2000;148167404
Dominica;2001;131050626
Dominica;2002;115667930
Dominica;2003;127018269
Dominica;2004;145138009
Dominica;2005;165342102
Dominica;2006;166895925
Dominica;2007;195733908
Dominica;2008;232374660
Dominica;2009;222155644
Dominica;2010;224597229
Dominica;2012;211867612
Dominican Rep.;2001;5496743936
Dominican Rep.;2002;5329784468
Dominican Rep.;2003;4208657312
Dominican Rep.;2004;4703853988
Dominican Rep.;2005;6804051605
Dominican Rep.;2006;8421973135
Dominican Rep.;2007;10594387084
Dominican Rep.;2008;12167109734
Dominican Rep.;2009;12054439215
Dominican Rep.;2010;15138222512
Dominican Rep.;2011;18156132539
Dominican Rep.;2012;17430206196
Dominican Rep.;2013;17844950988
Dominican Rep.;2014;17751694859
Dominican Rep.;2015;17347815271
EU-28;2000;913277729300
EU-28;2001;876782383524
EU-28;2002;917510603833
EU-28;2003;1057625638693
EU-28;2004;1301923937753
EU-28;2005;1515272767448
EU-28;2006;1786694982759
EU-28;2007;2020311759015
EU-28;2008;2284917360664
EU-28;2009;1757279442788
EU-28;2010;2026943785388
EU-28;2011;2443310524064
EU-28;2012;2357624397279
EU-28;2013;2243426625992
EU-28;2014;2281341879625
EU-28;2015;1947830512214
Ecuador;1991;2327865088
Ecuador;1992;2501299712
Ecuador;1993;2552716288
Ecuador;1994;3622003968
Ecuador;1995;4195143424
Ecuador;1996;3733027328
Ecuador;1997;4510621184
Ecuador;1998;5575400448
Ecuador;1999;3017166537
Ecuador;2000;3445927694
Ecuador;2001;5362962360
Ecuador;2002;6431064882
Ecuador;2003;6534347692
Ecuador;2004;7861034225
Ecuador;2005;9608701206
Ecuador;2006;12113558389
Ecuador;2007;13565297222
Ecuador;2008;18851930298
Ecuador;2009;15089885150
Ecuador;2010;20590848480
Ecuador;2011;24286061051
Ecuador;2012;25196517284
Ecuador;2013;27064939256
Ecuador;2014;27518177870
Ecuador;2015;21387292074
Egypt;1994;9586666496
Egypt;1995;11738950656
Egypt;1996;13019580416
Egypt;1997;13168464896
Egypt;1998;16478605312
Egypt;1999;15962046464
Egypt;2000;13963711320
Egypt;2001;12720437112
Egypt;2002;12496060022
Egypt;2003;10892868789
Egypt;2004;12841089231
Egypt;2005;19811938051
Egypt;2006;20593990809
Egypt;2007;27031270990
Egypt;2008;52751022273
Egypt;2009;44912462525
Egypt;2010;53003406057
Egypt;2011;62282023524
Egypt;2012;69865551868
Egypt;2013;66669901445
Egypt;2014;71339010208
Egypt;2015;74361266947
El Salvador;1994;2255781632
El Salvador;1995;2627658752
El Salvador;1996;2670085888
El Salvador;1997;2961483008
El Salvador;1998;3108029184
El Salvador;1999;3128087329
El Salvador;2000;4947706935
El Salvador;2001;5026519683
El Salvador;2002;5184498082
El Salvador;2003;5754222820
El Salvador;2004;6328971076
El Salvador;2005;6809106545
El Salvador;2006;7762676028
El Salvador;2007;8820612384
El Salvador;2008;9817654300
El Salvador;2009;7325362175
El Salvador;2010;8416163087
El Salvador;2011;9964507544
El Salvador;2012;10269626606
El Salvador;2013;10771952672
El Salvador;2014;10512850328
El Salvador;2015;10415403181
El Salvador;2016;9854597017
Eritrea;2003;432839183
Estonia;1995;2546270976
Estonia;1996;3223890944
Estonia;1997;4437264896
Estonia;1998;4786737664
Estonia;1999;4109452226
Estonia;2000;5052602535
Estonia;2001;5209428334
Estonia;2002;5866909452
Estonia;2003;7948474303
Estonia;2004;9088416199
Estonia;2005;11049001056
Estonia;2006;14677362428
Estonia;2007;16713521786
Estonia;2008;17349355626
Estonia;2009;11359986312
Estonia;2010;13196568155
Estonia;2011;18998219445
Estonia;2012;20098696190
Estonia;2013;20219086396
Estonia;2014;20206213056
Estonia;2015;15762724978
Ethiopia;1995;1141000448
Ethiopia;1997;1113276032
Ethiopia;1998;1458664576
Ethiopia;1999;1385755264
Ethiopia;2000;1260420608
Ethiopia;2001;1810938240
Ethiopia;2002;1593514496
Ethiopia;2003;2685935872
Ethiopia;2004;2873782901
Ethiopia;2005;4094775345
Ethiopia;2006;5207320202
Ethiopia;2007;5808649615
Ethiopia;2008;8680325967
Ethiopia;2009;7974142441
Ethiopia;2010;8602166150
Ethiopia;2011;8897998244
Ethiopia;2012;11916135107
Ethiopia;2013;14901564764
Ethiopia;2014;21917348144
Ethiopia;2015;25818589576
FS Micronesia;2002;104290000
FS Micronesia;2003;105190569
FS Micronesia;2004;132907607
FS Micronesia;2005;128546380
FS Micronesia;2006;138227373
FS Micronesia;2007;145854700
FS Micronesia;2008;161200867
FS Micronesia;2009;171084097
FS Micronesia;2010;168100893
FS Micronesia;2011;188157841
FS Micronesia;2012;193851209
FS Micronesia;2013;187857717
Faeroe Isds;1996;370150528
Faeroe Isds;1997;350133024
Faeroe Isds;1998;378312224
Faeroe Isds;1999;477465030
Faeroe Isds;2000;532820288
Faeroe Isds;2001;499838537
Faeroe Isds;2002;495688932
Faeroe Isds;2003;739888997
Faeroe Isds;2004;628549861
Faeroe Isds;2005;746636147
Faeroe Isds;2006;783239856
Faeroe Isds;2007;1015836717
Faeroe Isds;2008;988075789
Faeroe Isds;2009;783439826
Fiji;2002;795217344
Fiji;2003;1087071488
Fiji;2004;1253949640
Fiji;2005;1607319717
Fiji;2006;1803882233
Fiji;2007;1779736173
Fiji;2008;2263879602
Fiji;2009;1437044862
Fiji;2010;1808462296
Fiji;2011;2181871998
Fiji;2012;2252597634
Fiji;2013;2825819413
Fiji;2014;3250544463
Fiji;2015;2080875337
Finland;1988;20920432640
Finland;1989;24613038080
Finland;1990;27004112896
Finland;1991;21788467200
Finland;1992;21176002560
Finland;1993;18032754688
Finland;1994;23357644800
Finland;1995;29519845376
Finland;1996;30859608064
Finland;1997;31001018368
Finland;1998;32394584064
Finland;1999;31614075338
Finland;2000;33886398313
Finland;2001;33267927177
Finland;2002;33440047097
Finland;2003;41593247970
Finland;2004;50678021636
Finland;2005;58472542339
Finland;2006;69427442555
Finland;2007;81576271859
Finland;2008;92189842878
Finland;2009;60830316844
Finland;2010;68767143783
Finland;2011;83861658166
Finland;2012;76089021011
Finland;2013;77587001767
Finland;2014;76773254674
Finland;2015;60174387730
Fmr Fed. Rep. of Germany;1988;250293231000
Fmr Fed. Rep. of Germany;1989;269575910000
Fmr Fed. Rep. of Germany;1990;342483041000
Fmr Sudan;1995;1184930816
Fmr Sudan;1996;1072805888
Fmr Sudan;1997;1633988224
Fmr Sudan;1998;2058598784
Fmr Sudan;1999;992804928
Fmr Sudan;2000;1860144782
Fmr Sudan;2001;1957821241
Fmr Sudan;2002;2492749877
Fmr Sudan;2003;2897851946
Fmr Sudan;2004;4034778228
Fmr Sudan;2005;7366847668
Fmr Sudan;2006;8844472038
Fmr Sudan;2007;9856378530
Fmr Sudan;2008;16416725968
Fmr Sudan;2009;8589876660
Fmr Sudan;2010;11874755636
Fmr Sudan;2011;9546265054
France;1994;228281548800
France;1995;273387339776
France;1996;274913755136
France;1997;266575347712
France;1998;286035836928
France;1999;286592827392
France;2000;306805324062
France;2001;297084119070
France;2002;307313946045
France;2003;366853687315
France;2004;439399063817
France;2005;480856865634
France;2006;535247137570
France;2007;618045529951
France;2008;702137963077
France;2009;547102339473
France;2010;606281957115
France;2011;721899227484
France;2012;673033299302
France;2013;677740741221
France;2014;666334272832
France;2015;568580893696
French Guiana;1994;675630656
French Guiana;1995;783246976
French Polynesia;1996;1015206784
French Polynesia;1997;935016960
French Polynesia;1998;1107377024
French Polynesia;1999;927005761
French Polynesia;2000;1071769920
French Polynesia;2001;1065704896
French Polynesia;2002;1267587968
French Polynesia;2003;1567873024
French Polynesia;2004;1479978767
French Polynesia;2005;1701713497
French Polynesia;2006;1546867436
French Polynesia;2007;1598662919
French Polynesia;2008;2168782446
French Polynesia;2009;1717532540
French Polynesia;2010;1725869647
French Polynesia;2011;1627901462
French Polynesia;2012;1706516552
French Polynesia;2013;1815049706
French Polynesia;2014;1762015449
French Polynesia;2015;1527349019
Gabon;1993;774905152
Gabon;1994;707508032
Gabon;1996;898120320
Gabon;1997;986852282
Gabon;1998;1209275733
Gabon;1999;899443356
Gabon;2000;951714505
Gabon;2001;1001327466
Gabon;2002;745192865
Gabon;2003;770031264
Gabon;2004;964924144
Gabon;2005;1451090861
Gabon;2006;1725735330
Gabon;2007;2110233043
Gabon;2008;2563071485
Gabon;2009;2500862251
Gambia;1995;214548672
Gambia;1996;219176944
Gambia;1997;256046064
Gambia;1998;257190352
Gambia;1999;192156944
Gambia;2000;190386151
Gambia;2001;134411820
Gambia;2002;159658415
Gambia;2003;158190608
Gambia;2004;236726260
Gambia;2005;259747057
Gambia;2006;259288349
Gambia;2007;320964804
Gambia;2008;322210955
Gambia;2009;303616213
Gambia;2010;283687083
Gambia;2011;340661762
Gambia;2012;380028404
Gambia;2013;350246491
Gambia;2014;387202313
Georgia;1996;686782731
Georgia;1997;941717999
Georgia;1998;880380304
Georgia;1999;603134080
Georgia;2000;709376222
Georgia;2001;753227816
Georgia;2002;795539063
Georgia;2003;1141164677
Georgia;2004;1845554935
Georgia;2005;2489951668
Georgia;2006;3674472790
Georgia;2007;5214130644
Georgia;2008;6055674849
Georgia;2009;4475879298
Georgia;2010;5236277727
Georgia;2011;7071870405
Georgia;2012;8054152769
Georgia;2013;8024182323
Georgia;2014;8604080590
Georgia;2015;7734153100
Germany;1991;388915818000
Germany;1992;408307127000
Germany;1993;342558712000
Germany;1994;381538916000
Germany;1995;464145333000
Germany;1996;458699728664
Germany;1997;445495672832
Germany;1998;471226318848
Germany;1999;473500680192
Germany;2000;500830026000
Germany;2001;486022068000
Germany;2002;490450056000
Germany;2003;601761022000
Germany;2004;718150018000
Germany;2005;779819058000
Germany;2006;922213393000
Germany;2007;1059307813000
Germany;2008;1204209307000
Germany;2009;938363080000
Germany;2010;1066816751876
Germany;2011;1260297536716
Germany;2012;1161213213460
Germany;2013;1187314563884
Germany;2014;1214955667361
Germany;2015;1057616385859
Ghana;1996;2480808448
Ghana;1997;3352422912
Ghana;1998;2911292416
Ghana;1999;3003758336
Ghana;2000;2933183744
Ghana;2001;3153792273
Ghana;2002;2720114079
Ghana;2003;3210160087
Ghana;2004;4073953957
Ghana;2005;4878389271
Ghana;2006;5328824601
Ghana;2007;7278290001
Ghana;2008;8536051306
Ghana;2009;6464802527
Ghana;2010;8057140728
Ghana;2011;12602676328
Ghana;2012;13578112617
Ghana;2013;12787233399
Greece;1988;12254952448
Greece;1989;16127107072
Greece;1990;19777003520
Greece;1992;23451555840
Greece;1993;22004453376
Greece;1994;21491556863
Greece;1995;25926758400
Greece;1996;28418924544
Greece;1997;26970617856
Greece;1998;30266642432
Greece;1999;30434422777
Greece;2000;29486860105
Greece;2001;28434455939
Greece;2002;31299036006
Greece;2003;44854519863
Greece;2004;52810385204
Greece;2005;54893897323
Greece;2006;63738963855
Greece;2007;76099246073
Greece;2008;94347055932
Greece;2009;71538438052
Greece;2010;66452642920
Greece;2011;66692056018
Greece;2012;62504427046
Greece;2013;61148119836
Greece;2014;62180636372
Greece;2015;47263979668
Greenland;1994;391619200
Greenland;1995;421105536
Greenland;1996;466543936
Greenland;1997;374071104
Greenland;1998;397319328
Greenland;1999;418303313
Greenland;2000;364494856
Greenland;2001;343889923
Greenland;2002;417513806
Greenland;2003;527111217
Greenland;2004;593060918
Greenland;2005;699512589
Greenland;2006;684181278
Greenland;2007;773177977
Greenland;2008;927521751
Greenland;2009;767332807
Greenland;2010;854105974
Greenland;2011;998641997
Greenland;2012;856681777
Greenland;2013;822141072
Greenland;2014;768345104
Greenland;2015;586223824
Grenada;1993;125228256
Grenada;1994;119072192
Grenada;1995;128901864
Grenada;1996;151361984
Grenada;1997;167667600
Grenada;1998;200001152
Grenada;1999;202215440
Grenada;2000;238783984
Grenada;2001;212149344
Grenada;2002;198815296
Grenada;2003;253232880
Grenada;2004;250481548
Grenada;2005;334034364
Grenada;2006;298907572
Grenada;2007;365125245
Grenada;2008;363304351
Grenada;2009;281828217
Guadeloupe;1994;1539207552
Guadeloupe;1995;1901305728
Guatemala;1993;2668101888
Guatemala;1994;2647192064
Guatemala;1995;3292444928
Guatemala;1996;3146201856
Guatemala;1997;3851918336
Guatemala;1998;4650830336
Guatemala;1999;4554308306
Guatemala;2000;4882355200
Guatemala;2001;5597534720
Guatemala;2002;6300005376
Guatemala;2003;6718694912
Guatemala;2004;7812112758
Guatemala;2005;10506572312
Guatemala;2006;9539736283
Guatemala;2007;13544300940
Guatemala;2008;14521501217
Guatemala;2009;11521363090
Guatemala;2010;13830314124
Guatemala;2011;16610813629
Guatemala;2012;16978685968
Guatemala;2013;17503977537
Guatemala;2014;18263243838
Guatemala;2015;17637088553
Guinea;1995;818508544
Guinea;1996;647662144
Guinea;1997;619702464
Guinea;1998;536579328
Guinea;1999;555924928
Guinea;2000;612381440
Guinea;2001;600759552
Guinea;2002;666497920
Guinea;2004;955010071
Guinea;2005;1647816120
Guinea;2006;1063903656
Guinea;2007;1281496275
Guinea;2008;1835483106
Guinea;2013;2401527842
Guinea;2014;2509612750
Guinea;2015;2138647793
Guinea-Bissau;2003;63936710
Guinea-Bissau;2004;57146685
Guinea-Bissau;2005;111684811
Guyana;1991;205776096
Guyana;1992;366383360
Guyana;1997;602336000
Guyana;1998;539803000
Guyana;1999;479928992
Guyana;2000;573427072
Guyana;2001;586451072
Guyana;2002;564457536
Guyana;2003;556791488
Guyana;2004;636086240
Guyana;2005;778141255
Guyana;2006;892927369
Guyana;2007;1028778440
Guyana;2008;1345929842
Guyana;2009;1175348589
Guyana;2010;1451561694
Guyana;2011;1683949734
Guyana;2012;1997073829
Guyana;2013;1866255080
Guyana;2014;1783310843
Guyana;2015;2185743674
Honduras;1994;1334593664
Honduras;1995;1727514240
Honduras;1996;1840109312
Honduras;1997;2147369856
Honduras;1998;2533953792
Honduras;1999;2673677312
Honduras;2000;2481933312
Honduras;2001;2690020864
Honduras;2002;2875097593
Honduras;2003;3142436676
Honduras;2004;3685247043
Honduras;2005;4419363283
Honduras;2006;4920567258
Honduras;2007;6530362643
Honduras;2009;5922937552
Honduras;2010;6895088284
Honduras;2011;8541778594
Honduras;2012;8646775792
Honduras;2014;7983626391
Hungary;1992;10873580544
Hungary;1993;11376082944
Hungary;1994;14553612000
Hungary;1995;15185560576
Hungary;1996;16042644480
Hungary;1997;21234012160
Hungary;1998;25706391552
Hungary;1999;28008226000
Hungary;2000;32080002000
Hungary;2001;33681734000
Hungary;2002;37611572000
Hungary;2003;47674542000
Hungary;2004;60248602000
Hungary;2005;65919579000
Hungary;2006;76978511000
Hungary;2007;94659727000
Hungary;2008;108784724000
Hungary;2009;77272443000
Hungary;2010;87432095000
Hungary;2011;101369997000
Hungary;2012;94266239000
Hungary;2013;98661803069
Hungary;2014;103110996891
Hungary;2015;90760850877
Iceland;1988;1666559616
Iceland;1989;1400624640
Iceland;1990;1659348864
Iceland;1991;1739029504
Iceland;1992;1679946880
Iceland;1993;1349401344
Iceland;1994;1472370560
Iceland;1995;1751334528
Iceland;1996;2041528704
Iceland;1997;2019473792
Iceland;1998;2482828032
Iceland;1999;2315481856
Iceland;2000;2582983029
Iceland;2001;2279336835
Iceland;2002;2273536948
Iceland;2003;2826527967
Iceland;2004;3712831691
Iceland;2005;4978892568
Iceland;2006;5991114989
Iceland;2007;6689690644
Iceland;2008;6165928277
Iceland;2009;3603988709
Iceland;2010;3914349444
Iceland;2011;4845760241
Iceland;2012;4771916219
Iceland;2013;5019243432
Iceland;2014;5371918875
Iceland;2015;5285373474
India;1988;19350896640
India;1989;21718194176
India;1990;23799150592
India;1991;19509415936
India;1992;24452408029
India;1993;23304073216
India;1994;28654737408
India;1995;36592062464
India;1996;39112814392
India;1997;41429430272
India;1998;42424950784
India;1999;50010898627
India;2000;52940251405
India;2001;50671105810
India;2002;57453468557
India;2003;72430524382
India;2004;98981129472
India;2005;140861666918
India;2006;178212440308
India;2007;218645293931
India;2008;315712105614
India;2009;266401552908
India;2010;350029386927
India;2011;462402790771
India;2012;488976378496
India;2013;466045567333
India;2014;459369463603
India;2015;390744731405
Indonesia;1989;16359556096
Indonesia;1990;21837031424
Indonesia;1991;25868822528
Indonesia;1992;27279595520
Indonesia;1993;28327737344
Indonesia;1994;31983470592
Indonesia;1995;40628703232
Indonesia;1996;42928463872
Indonesia;1997;41679745024
Indonesia;1998;27336828928
Indonesia;1999;24003249538
Indonesia;2000;33811267280
Indonesia;2001;31226897602
Indonesia;2002;31516951887
Indonesia;2003;32851134995
Indonesia;2004;46716051248
Indonesia;2005;57990426152
Indonesia;2006;61474026037
Indonesia;2007;74473428731
Indonesia;2008;129267954615
Indonesia;2009;96849545515
Indonesia;2010;135788932508
Indonesia;2011;177626856177
Indonesia;2012;191852052058
Indonesia;2013;186808253761
Indonesia;2014;178356512756
Indonesia;2015;142812570318
Iran;1997;14180701642
Iran;1998;14285524759
Iran;1999;12621764573
Iran;2000;13626007038
Iran;2001;16173077887
Iran;2002;20335748604
Iran;2003;25638123300
Iran;2004;32997068838
Iran;2005;38674659916
Iran;2006;40685758840
Iran;2010;54697235524
Iran;2011;68319000000
Iraq;2014;37064476500
Ireland;1992;22482694144
Ireland;1993;21662992384
Ireland;1994;25763815424
Ireland;1995;32321019904
Ireland;1996;35764649984
Ireland;1997;39232667648
Ireland;1998;44378009600
Ireland;1999;47207837696
Ireland;2000;50648770771
Ireland;2001;51375643592
Ireland;2002;52214415070
Ireland;2003;53781899296
Ireland;2004;62344521999
Ireland;2005;70283642092
Ireland;2006;76620719427
Ireland;2007;87045335180
Ireland;2008;84953475320
Ireland;2009;62566426399
Ireland;2010;60549590353
Ireland;2011;67171198364
Ireland;2012;63222933266
Ireland;2013;65950676021
Ireland;2014;71049042719
Ireland;2015;77760352139
Israel;1995;28344295424
Israel;1996;29948534000
Israel;1997;29022651000
Israel;1998;27468924928
Israel;1999;31085575000
Israel;2000;35742024000
Israel;2001;33303113000
Israel;2002;33105904000
Israel;2003;34210938000
Israel;2004;40969518000
Israel;2005;45032350000
Israel;2006;47834446000
Israel;2007;56619379000
Israel;2008;65170546000
Israel;2009;47362724000
Israel;2010;59193894000
Israel;2011;73526105000
Israel;2012;73112080000
Israel;2013;71995022000
Israel;2014;72331780000
Israel;2015;62067788000
Italy;1994;167975026688
Italy;1995;200319909888
Italy;1996;208116039680
Italy;1997;208317104128
Italy;1998;215590076416
Italy;1999;220056096159
Italy;2000;238068541484
Italy;2001;236126622376
Italy;2002;246609477011
Italy;2003;297402799020
Italy;2004;355266852816
Italy;2005;384835560619
Italy;2006;442565102846
Italy;2007;511822513748
Italy;2008;560960371006
Italy;2009;414783638344
Italy;2010;486984371949
Italy;2011;558831981537
Italy;2012;494574474112
Italy;2013;484755244792
Italy;2014;479956711894
Italy;2015;415631981567
Jamaica;1991;1828246656
Jamaica;1992;1773839544
Jamaica;1993;2189235966
Jamaica;1996;2916350022
Jamaica;1997;3112902144
Jamaica;1998;2985440512
Jamaica;1999;2903630592
Jamaica;2000;3191633152
Jamaica;2001;3402549964
Jamaica;2002;3543167178
Jamaica;2003;3616831732
Jamaica;2004;3933098906
Jamaica;2005;4888236550
Jamaica;2006;5041379298
Jamaica;2007;6751499057
Jamaica;2008;8465405058
Jamaica;2009;5064255567
Jamaica;2010;5225226738
Jamaica;2011;6436591867
Jamaica;2012;6580358184
Jamaica;2013;6216220028
Jamaica;2014;5835517278
Jamaica;2015;4993362354
Japan;1988;187353660260
Japan;1989;210846600397
Japan;1990;234798610274
Japan;1991;236736702164
Japan;1992;233021535363
Japan;1993;240670177965
Japan;1994;274741941605
Japan;1995;336094174831
Japan;1996;349186101626
Japan;1997;338842341435
Japan;1998;280633850895
Japan;1999;309994471698
Japan;2000;379708376255
Japan;2001;349291914271
Japan;2002;337613132781
Japan;2003;383465329855
Japan;2004;455253886201
Japan;2005;515866387675
Japan;2006;579063944637
Japan;2007;622243336430
Japan;2008;762533921120
Japan;2009;551984750861
Japan;2010;694059159975
Japan;2011;855380474182
Japan;2012;886031094485
Japan;2013;833166060724
Japan;2014;812184751778
Japan;2015;625568420678
Japan;2016;616548965938
Jordan;1994;3382302720
Jordan;1995;3696379904
Jordan;1997;3842759936
Jordan;1998;3828449280
Jordan;1999;3676804864
Jordan;2000;4013143808
Jordan;2001;4871323648
Jordan;2002;5019687424
Jordan;2003;5653151744
Jordan;2004;8143577935
Jordan;2005;10454580107
Jordan;2006;11446909876
Jordan;2007;13531100490
Jordan;2008;16871597628
Jordan;2009;14075297129
Jordan;2010;15262001378
Jordan;2011;18301082247
Jordan;2012;20691383705
Jordan;2013;21549015741
Jordan;2014;22740257836
Jordan;2015;20474908862
Kazakhstan;1995;3805116965
Kazakhstan;1996;4238591469
Kazakhstan;1997;4298612927
Kazakhstan;1998;4293188824
Kazakhstan;1999;3639171771
Kazakhstan;2000;4926558700
Kazakhstan;2001;6280202000
Kazakhstan;2002;6581124800
Kazakhstan;2003;8401999500
Kazakhstan;2004;12773473442
Kazakhstan;2005;17333158546
Kazakhstan;2006;23660993437
Kazakhstan;2007;32686612797
Kazakhstan;2008;37815371782
Kazakhstan;2009;28408679844
Kazakhstan;2010;24023626743
Kazakhstan;2011;38010237472
Kazakhstan;2012;44538070815
Kazakhstan;2013;48804580084
Kazakhstan;2014;41295455969
Kazakhstan;2015;30567159492
Kenya;1992;1793030272
Kenya;1997;3278425088
Kenya;1998;3301758976
Kenya;1999;2785610955
Kenya;2000;2891363840
Kenya;2001;4008010634
Kenya;2002;3074636544
Kenya;2003;3475038136
Kenya;2004;4563456287
Kenya;2005;5846168469
Kenya;2006;7232946743
Kenya;2007;8989261774
Kenya;2008;11127817243
Kenya;2009;10202000865
Kenya;2010;12092926245
Kenya;2013;16394470284
Kiribati;1995;34049980
Kiribati;1996;38038492
Kiribati;1997;38944756
Kiribati;1998;32577468
Kiribati;1999;40968212
Kiribati;2004;57307841
Kiribati;2005;74048956
Kiribati;2006;62071549
Kiribati;2007;70130448
Kiribati;2008;75160594
Kiribati;2009;67004674
Kiribati;2010;73093437
Kiribati;2011;91746983
Kiribati;2012;108558458
Kiribati;2013;97105975
Kuwait;2000;7156496202
Kuwait;2001;7869465038
Kuwait;2002;9007315385
Kuwait;2003;10991765434
Kuwait;2004;12630613695
Kuwait;2006;17239735172
Kuwait;2007;21362495235
Kuwait;2008;24839591041
Kuwait;2010;22691403866
Kuwait;2011;25141991714
Kuwait;2013;29645607309
Kuwait;2014;31488655172
Kuwait;2015;31909736732
Kyrgyzstan;1995;522362688
Kyrgyzstan;1996;837931840
Kyrgyzstan;2000;554106455
Kyrgyzstan;2001;467238026
Kyrgyzstan;2002;579353088
Kyrgyzstan;2003;716952448
Kyrgyzstan;2004;940922350
Kyrgyzstan;2005;1107818074
Kyrgyzstan;2006;1718196677
Kyrgyzstan;2007;2416987376
Kyrgyzstan;2008;4072327843
Kyrgyzstan;2009;2973866766
Kyrgyzstan;2010;3222635177
Kyrgyzstan;2011;4260687274
Kyrgyzstan;2012;5373176213
Kyrgyzstan;2013;5983024298
Kyrgyzstan;2015;4068083799
Latvia;1994;1241478784
Latvia;1995;1818007680
Latvia;1996;2319496960
Latvia;1997;2720941056
Latvia;1998;3191363072
Latvia;1999;2946780984
Latvia;2000;3190803200
Latvia;2001;3504388608
Latvia;2002;4053685504
Latvia;2003;5243979776
Latvia;2004;7311043724
Latvia;2005;8770450014
Latvia;2006;11427301264
Latvia;2007;15185449484
Latvia;2008;15775195747
Latvia;2009;9336920239
Latvia;2010;11143287701
Latvia;2011;15430778744
Latvia;2012;16082387658
Latvia;2013;16778948555
Latvia;2014;16798358933
Latvia;2015;13850039440
Lebanon;1997;7437826048
Lebanon;1998;7053862912
Lebanon;1999;6205816832
Lebanon;2000;6226768384
Lebanon;2001;7290342912
Lebanon;2002;6443810304
Lebanon;2003;7167452160
Lebanon;2004;9385039000
Lebanon;2005;9326988000
Lebanon;2006;9395085285
Lebanon;2007;11815198958
Lebanon;2008;16136466067
Lebanon;2009;16231585205
Lebanon;2010;17971626151
Lebanon;2011;20162637390
Lebanon;2012;21146549423
Lebanon;2013;21234205985
Lebanon;2014;20487427600
Lesotho;2000;613295744
Lesotho;2001;598218816
Lesotho;2002;799612288
Lesotho;2003;1115026999
Lesotho;2004;1399392992
Lesotho;2008;1066151578
Lesotho;2009;1356077140
Lesotho;2010;1276595164
Lesotho;2011;1459720096
Lesotho;2012;1594249361
Libya;2007;6748809550
Libya;2008;9116481950
Libya;2009;12859378718
Libya;2010;17674367918
Lithuania;1994;2588999986
Lithuania;1995;3648539392
Lithuania;1996;4558530048
Lithuania;1997;5643365888
Lithuania;1998;5793748992
Lithuania;1999;4834490072
Lithuania;2000;5456480316
Lithuania;2001;6353270743
Lithuania;2002;7709309670
Lithuania;2003;9803635901
Lithuania;2004;12379200835
Lithuania;2005;15704432297
Lithuania;2006;19388425405
Lithuania;2007;24445067457
Lithuania;2008;31294662543
Lithuania;2009;18340632911
Lithuania;2010;23378047393
Lithuania;2011;31801287866
Lithuania;2012;32237640017
Lithuania;2013;34813224764
Lithuania;2014;35217366877
Lithuania;2015;28176441602
Luxembourg;1999;10346585824
Luxembourg;2000;10592383579
Luxembourg;2001;11187657219
Luxembourg;2002;11528844484
Luxembourg;2003;13646402935
Luxembourg;2004;16771715410
Luxembourg;2005;17585502503
Luxembourg;2006;19640455309
Luxembourg;2007;22288700591
Luxembourg;2008;25565910879
Luxembourg;2009;18828434428
Luxembourg;2010;20459149625
Luxembourg;2011;26018967339
Luxembourg;2012;24336605563
Luxembourg;2013;23983842068
Luxembourg;2014;23900947155
Luxembourg;2015;19416585319
Madagascar;1990;569311040
Madagascar;1991;406321728
Madagascar;1992;391342912
Madagascar;1993;468596320
Madagascar;1994;431707968
Madagascar;1995;549520064
Madagascar;1996;602119488
Madagascar;1997;573047296
Madagascar;1998;556789568
Madagascar;1999;505340536
Madagascar;2000;990665147
Madagascar;2001;920189643
Madagascar;2002;601944600
Madagascar;2003;1318061479
Madagascar;2004;1651903048
Madagascar;2005;1685896747
Madagascar;2006;1760262530
Madagascar;2007;2445478414
Madagascar;2008;3850615003
Madagascar;2009;3159330780
Madagascar;2010;2546194911
Madagascar;2011;2730468599
Madagascar;2012;2658986872
Madagascar;2013;2699414641
Madagascar;2014;3354796022
Madagascar;2015;2960905154
Malawi;1990;579631296
Malawi;1991;647395968
Malawi;1994;539274688
Malawi;1995;500404224
Malawi;1999;645381248
Malawi;2000;532072949
Malawi;2001;561612146
Malawi;2002;694997507
Malawi;2003;785375762
Malawi;2004;928658470
Malawi;2005;1165191999
Malawi;2006;1206696040
Malawi;2007;1377845298
Malawi;2008;2203688434
Malawi;2009;2021672009
Malawi;2010;2173037656
Malawi;2011;2427696418
Malawi;2012;2331158081
Malawi;2013;2846802566
Malawi;2014;2776824909
Malawi;2015;2311614378
Malaysia;1989;22480953310
Malaysia;1990;29245597056
Malaysia;1991;36581322168
Malaysia;1992;39788383435
Malaysia;1993;45389967912
Malaysia;1994;59085992781
Malaysia;1995;77045596053
Malaysia;1996;77904686076
Malaysia;1997;78433583104
Malaysia;1998;57759420674
Malaysia;1999;64939219363
Malaysia;2000;81289545463
Malaysia;2001;73078955792
Malaysia;2002;78673784180
Malaysia;2003;82443541384
Malaysia;2004;106066155969
Malaysia;2005;115280569211
Malaysia;2006;131127047764
Malaysia;2007;147338837627
Malaysia;2008;155660819369
Malaysia;2009;123575279300
Malaysia;2010;164706693557
Malaysia;2011;187600966824
Malaysia;2012;196253636915
Malaysia;2013;205985923249
Malaysia;2014;208939145536
Malaysia;2015;176197504825
Maldives;1995;267906544
Maldives;1996;301655456
Maldives;1997;348840832
Maldives;1998;353963520
Maldives;1999;402151232
Maldives;2000;388577152
Maldives;2001;387885184
Maldives;2002;391722229
Maldives;2003;470783245
Maldives;2004;641816856
Maldives;2005;744864586
Maldives;2006;926525089
Maldives;2007;1096290117
Maldives;2008;1387508929
Maldives;2009;966136180
Maldives;2010;1095116285
Maldives;2011;1411701092
Maldives;2012;1554501652
Maldives;2013;1733283812
Maldives;2014;1992748786
Maldives;2015;1896850040
Mali;1996;790290880
Mali;1997;680801472
Mali;1998;834329344
Mali;1999;827144704
Mali;2000;806367872
Mali;2001;987956836
Mali;2002;927153814
Mali;2003;1271095915
Mali;2004;1364422211
Mali;2005;1543598939
Mali;2006;1819763040
Mali;2007;2184847362
Mali;2008;3338925050
Mali;2010;4703502882
Mali;2011;3351538885
Mali;2012;3462655072
Malta;1994;2440715008
Malta;1995;2941744384
Malta;1996;2802324992
Malta;1997;2553495296
Malta;1998;2666498816
Malta;1999;2840153600
Malta;2000;3398731776
Malta;2001;2725016448
Malta;2002;2839161920
Malta;2003;3402470620
Malta;2004;4153374583
Malta;2005;3865229252
Malta;2006;4395512725
Malta;2007;4947024161
Malta;2008;5140832421
Malta;2009;4034116625
Malta;2010;5732174585
Malta;2011;7395938428
Malta;2012;7896220752
Malta;2013;7525360716
Malta;2014;8445208701
Malta;2015;5793698162
Martinique;1994;1642258048
Martinique;1995;1969808128
Mauritania;2000;353643891
Mauritania;2001;374066252
Mauritania;2002;355393412
Mauritania;2003;386406015
Mauritania;2004;1339968925
Mauritania;2005;1342035638
Mauritania;2006;1073326144
Mauritania;2007;1430418276
Mauritania;2008;1637617340
Mauritania;2009;1337081449
Mauritania;2010;1726532299
Mauritania;2011;2452705805
Mauritania;2012;2970620182
Mauritania;2013;3978492178
Mauritania;2014;3641758272
Mauritius;1993;1919115264
Mauritius;1994;1923841920
Mauritius;1995;2000460544
Mauritius;1996;2276909824
Mauritius;1997;2230989824
Mauritius;1998;2182512896
Mauritius;1999;2275922616
Mauritius;2000;2081215104
Mauritius;2001;1991795584
Mauritius;2002;2168119296
Mauritius;2003;2389512192
Mauritius;2004;2777440319
Mauritius;2005;3160116999
Mauritius;2006;3643329747
Mauritius;2007;3900897165
Mauritius;2008;4669746930
Mauritius;2009;3725099040
Mauritius;2010;4402331731
Mauritius;2011;5158618169
Mauritius;2012;5772006384
Mauritius;2013;5395450448
Mauritius;2014;5607223157
Mauritius;2015;4458341503
Mayotte;2000;138722553
Mayotte;2001;160121683
Mayotte;2002;172109522
Mayotte;2003;215649391
Mayotte;2004;281602402
Mayotte;2005;309498978
Mayotte;2006;365149295
Mayotte;2007;499362083
Mayotte;2008;606266802
Mayotte;2009;501924607
Mexico;1990;29559513088
Mexico;1991;38073315328
Mexico;1992;61924225024
Mexico;1993;65271992320
Mexico;1994;79334973440
Mexico;1995;72452988928
Mexico;1996;89355034624
Mexico;1997;111983247360
Mexico;1998;125323755520
Mexico;1999;141955596288
Mexico;2000;174397202141
Mexico;2001;168376890806
Mexico;2002;168650540779
Mexico;2003;170545787086
Mexico;2004;196808374762
Mexico;2005;221818979783
Mexico;2006;256085920260
Mexico;2007;281926513230
Mexico;2008;308583119940
Mexico;2009;234384531886
Mexico;2010;301481733926
Mexico;2011;350842805606
Mexico;2012;370751407489
Mexico;2013;381210149461
Mexico;2014;399976864217
Mexico;2015;395232221167
Mongolia;1996;450924416
Mongolia;1997;467845248
Mongolia;1998;488870432
Mongolia;1999;510288928
Mongolia;2000;614501248
Mongolia;2001;630115353
Mongolia;2003;801000896
Mongolia;2004;1021145584
Mongolia;2005;1182558833
Mongolia;2006;1485599162
Mongolia;2007;2117827769
Mongolia;2013;6358473529
Mongolia;2014;5131455440
Mongolia;2015;3799515880
Montenegro;2006;1841505244
Montenegro;2007;2867309516
Montenegro;2008;3731167872
Montenegro;2009;2313139288
Montenegro;2010;2181940294
Montenegro;2011;2544044492
Montenegro;2012;2336353472
Montenegro;2013;2348872515
Montenegro;2014;2366751420
Montenegro;2015;2050169682
Montserrat;1999;21886272
Montserrat;2000;21609195
Montserrat;2001;19371217
Montserrat;2002;25421690
Montserrat;2003;28415422
Montserrat;2004;28723848
Montserrat;2005;29757430
Montserrat;2006;30199083
Montserrat;2007;29620691
Montserrat;2008;38048032
Montserrat;2009;29604827
Montserrat;2011;33417122
Montserrat;2012;36941700
Montserrat;2013;42075118
Montserrat;2014;41909444
Morocco;1993;6658842112
Morocco;1994;7193677312
Morocco;1995;8540476416
Morocco;1996;8253436928
Morocco;1997;7877528576
Morocco;1998;10287315968
Morocco;1999;10787588096
Morocco;2000;11533382656
Morocco;2001;11036685312
Morocco;2002;11878152731
Morocco;2003;14230607666
Morocco;2004;17824640772
Morocco;2005;20803176770
Morocco;2006;23298468124
Morocco;2007;31650391538
Morocco;2008;42321963167
Morocco;2009;32882050032
Morocco;2010;35378881794
Morocco;2011;44262937485
Morocco;2012;44789781626
Morocco;2013;45186368247
Morocco;2014;46191742594
Morocco;2015;37545666094
Mozambique;1994;544015000
Mozambique;1995;726980000
Mozambique;1996;782642000
Mozambique;1997;760048567
Mozambique;2000;1162278102
Mozambique;2001;1063107906
Mozambique;2002;1542963471
Mozambique;2003;1752997456
Mozambique;2004;2034671767
Mozambique;2005;2408195310
Mozambique;2006;2869326549
Mozambique;2007;3049746128
Mozambique;2008;4007763192
Mozambique;2009;3764206586
Mozambique;2010;3567476151
Mozambique;2011;6305647000
Mozambique;2012;6177209677
Mozambique;2013;10099147182
Mozambique;2014;8743074259
Mozambique;2015;7907621730
Myanmar;1992;618432384
Myanmar;2001;2896279340
Myanmar;2010;4164462853
Namibia;2000;1434891520
Namibia;2001;1552947072
Namibia;2002;1310140928
Namibia;2003;1427939072
Namibia;2004;2421797181
Namibia;2005;2525155747
Namibia;2006;2798541114
Namibia;2007;4025998874
Namibia;2008;4688570014
Namibia;2009;6208418827
Namibia;2010;5979722908
Namibia;2011;6457277385
Namibia;2012;7150200195
Namibia;2013;7595970714
Namibia;2014;8530994350
Nepal;1994;1111044096
Nepal;1998;1313165952
Nepal;1999;1347482240
Nepal;2000;1557922304
Nepal;2003;1801620791
Nepal;2009;3754388923
Nepal;2010;5115880475
Nepal;2011;5915922972
Nepal;2012;6017473926
Nepal;2013;6451694909
Nepal;2014;7590089890
Nepal;2015;6612094198
Neth. Antilles;2005;894251685
Neth. Antilles;2006;1016717352
Neth. Antilles;2007;1151735237
Neth. Antilles;2008;1436995908
Netherlands;1992;134469935104
Netherlands;1993;115667623936
Netherlands;1994;130511691776
Netherlands;1995;157929373696
Netherlands;1996;160895811584
Netherlands;1997;162359656448
Netherlands;1998;156727887912
Netherlands;1999;167875451178
Netherlands;2000;198926887688
Netherlands;2001;195562207699
Netherlands;2002;194114787502
Netherlands;2003;233996688734
Netherlands;2004;284014019358
Netherlands;2005;310591343869
Netherlands;2006;358509533502
Netherlands;2007;421367715819
Netherlands;2008;494936571084
Netherlands;2009;382190421771
Netherlands;2010;439986633027
Netherlands;2011;492837632152
Netherlands;2012;500605323498
Netherlands;2013;506162309058
Netherlands;2014;508032877284
Netherlands;2015;424851377731
New Caledonia;1999;1008075264
New Caledonia;2000;1017362240
New Caledonia;2001;976598656
New Caledonia;2002;1075458176
New Caledonia;2003;1540434916
New Caledonia;2004;1635768061
New Caledonia;2005;1773617982
New Caledonia;2006;1997697476
New Caledonia;2007;2427276006
New Caledonia;2008;3268557549
New Caledonia;2009;2507243131
New Caledonia;2010;3303178426
New Caledonia;2011;3696876341
New Caledonia;2012;3245038558
New Caledonia;2013;3236953212
New Caledonia;2014;3315243795
New Caledonia;2015;2529498893
New Zealand;1989;8774995968
New Zealand;1990;9483474060
New Zealand;1991;8496770766
New Zealand;1992;9204969925
New Zealand;1993;9654729734
New Zealand;1994;11901384637
New Zealand;1995;13957637117
New Zealand;1996;14724176806
New Zealand;1997;14518500352
New Zealand;1998;11334582272
New Zealand;1999;14318347193
New Zealand;2000;13904403112
New Zealand;2001;13306946337
New Zealand;2002;15044156669
New Zealand;2003;18557422597
New Zealand;2004;23192565055
New Zealand;2005;26232048826
New Zealand;2006;26424356467
New Zealand;2007;30890414942
New Zealand;2008;34367334799
New Zealand;2009;25565851005
New Zealand;2010;30157848080
New Zealand;2011;36226162136
New Zealand;2012;38374465043
New Zealand;2013;39791194093
New Zealand;2014;43484163096
New Zealand;2015;36698958363
Nicaragua;1993;755111104
Nicaragua;1994;852457856
Nicaragua;1995;1009202688
Nicaragua;1996;1076145152
Nicaragua;1997;1469732480
Nicaragua;1998;1532107904
Nicaragua;1999;1723042302
Nicaragua;2000;1720572544
Nicaragua;2001;1773366656
Nicaragua;2002;1802235520
Nicaragua;2003;1904588247
Nicaragua;2004;2249686330
Nicaragua;2005;2535550330
Nicaragua;2006;2740660904
Nicaragua;2007;3537990700
Nicaragua;2008;4744430010
Nicaragua;2009;3478610703
Nicaragua;2010;4190756091
Nicaragua;2011;5047259701
Nicaragua;2012;6029659805
Nicaragua;2013;5498843855
Nicaragua;2014;5746417782
Nicaragua;2015;5866297865
Niger;1995;344552704
Niger;1996;365478304
Niger;1997;345074112
Niger;1998;419976896
Niger;1999;394766272
Niger;2000;325924521
Niger;2001;383748353
Niger;2002;432040376
Niger;2003;565554828
Niger;2004;667174012
Niger;2005;735569652
Niger;2006;860189925
Niger;2007;955684601
Niger;2008;1208338950
Niger;2009;1627150459
Niger;2010;2290039353
Niger;2011;1917173453
Niger;2012;1684780702
Niger;2013;1714078094
Niger;2014;2151091965
Niger;2015;2458340984
Nigeria;1996;5335465045
Nigeria;1997;6363504760
Nigeria;1998;5764245504
Nigeria;1999;4482496512
Nigeria;2000;5816856438
Nigeria;2001;7958046291
Nigeria;2002;8758299370
Nigeria;2003;14892461134
Nigeria;2006;22903337702
Nigeria;2007;32357346936
Nigeria;2008;28193597338
Nigeria;2009;33906281580
Nigeria;2010;44235268667
Nigeria;2011;63971541901
Nigeria;2012;35872509437
Nigeria;2013;44598201120
Nigeria;2014;46532265378
Norway;1993;24021241247
Norway;1994;27294892032
Norway;1995;32705843200
Norway;1996;34309140480
Norway;1997;35768274944
Norway;1998;37477687296
Norway;1999;34172692480
Norway;2000;34351025300
Norway;2001;32951419171
Norway;2002;34872582616
Norway;2003;39849089545
Norway;2004;48511585270
Norway;2005;55488201977
Norway;2006;64265915318
Norway;2007;80297682385
Norway;2008;90581252051
Norway;2009;68968818047
Norway;2010;77330164615
Norway;2011;90783500924
Norway;2012;87307781576
Norway;2013;89807226946
Norway;2014;89439400931
Norway;2015;77193217991
Norway;2016;72473045475
Oman;1989;2257338880
Oman;1990;2681227008
Oman;1991;3193966336
Oman;1992;3769155584
Oman;1993;4114037248
Oman;1994;3915029248
Oman;1995;4248550400
Oman;1996;4577818624
Oman;1997;5025955328
Oman;1998;5681500672
Oman;1999;4673690112
Oman;2000;5039242752
Oman;2001;5797961462
Oman;2002;6005148337
Oman;2003;6801039700
Oman;2004;8795529677
Oman;2005;8969944901
Oman;2006;11038363202
Oman;2007;16024705822
Oman;2008;22924680538
Oman;2009;17851473901
Oman;2010;19774505523
Oman;2011;23619397677
Oman;2012;28117622531
Oman;2013;34331193371
Oman;2014;29303100255
Oman;2015;29007052710
Other Asia, nes;1997;114363883520
Other Asia, nes;1998;104652357632
Other Asia, nes;1999;110946459648
Other Asia, nes;2000;139990948149
Other Asia, nes;2001;107228218259
Other Asia, nes;2002;112521836823
Other Asia, nes;2003;125836056625
Other Asia, nes;2004;166399870339
Other Asia, nes;2005;181591670919
Other Asia, nes;2006;202685778083
Other Asia, nes;2007;220689603326
Other Asia, nes;2008;241680694619
Other Asia, nes;2009;174942558826
Other Asia, nes;2010;252006570038
Other Asia, nes;2011;282201281982
Other Asia, nes;2012;271744601361
Other Asia, nes;2013;270086591964
Other Asia, nes;2014;274654155162
Other Asia, nes;2015;228508285711
Pakistan;2003;13059693981
Pakistan;2004;17948583563
Pakistan;2005;25149756674
Pakistan;2006;29834184699
Pakistan;2007;32598975847
Pakistan;2008;42354916337
Pakistan;2009;31584794273
Pakistan;2010;37561495209
Pakistan;2011;43614511954
Pakistan;2012;43813262458
Pakistan;2013;43775183185
Pakistan;2014;47675460826
Pakistan;2015;44186005995
Palau;2007;116153486
Palau;2008;130335011
Palau;2009;89969572
Palau;2010;107728885
Palau;2011;129222622
Palau;2012;141938137
Palau;2013;168575375
Palau;2014;164988625
Palau;2015;150315857
Panama;1995;2510697984
Panama;1996;2779702016
Panama;1997;2991000320
Panama;1998;3397274624
Panama;1999;3515188117
Panama;2000;3404646360
Panama;2001;2986386767
Panama;2002;3034532422
Panama;2003;3120980389
Panama;2004;3590296958
Panama;2005;4152485854
Panama;2006;10774926463
Panama;2007;13268934578
Panama;2008;15736508943
Panama;2009;13876550265
Panama;2010;16737103355
Panama;2011;21801598457
Panama;2012;15191179780
Panama;2013;15325067034
Panama;2014;13943174972
Panama;2015;12345875084
Papua New Guinea;1998;1360059904
Papua New Guinea;2000;1035126528
Papua New Guinea;2001;1309390914
Papua New Guinea;2002;1185992036
Papua New Guinea;2003;1302434979
Papua New Guinea;2004;1567153423
Papua New Guinea;2011;6107745307
Papua New Guinea;2012;8357294350
Paraguay;1989;758320000
Paraguay;1990;1348617600
Paraguay;1991;1460301184
Paraguay;1992;1420424448
Paraguay;1993;1688025472
Paraguay;1994;2424589056
Paraguay;1995;3135867904
Paraguay;1996;3107341568
Paraguay;1997;3403352320
Paraguay;1998;2896688384
Paraguay;1999;1905851232
Paraguay;2000;2260221137
Paraguay;2001;2181926698
Paraguay;2002;1661292975
Paraguay;2003;1920591732
Paraguay;2004;2671557989
Paraguay;2005;3273773305
Paraguay;2006;4757639744
Paraguay;2007;5859421197
Paraguay;2008;9033376394
Paraguay;2009;6939841583
Paraguay;2010;10033466144
Paraguay;2011;12366126521
Paraguay;2012;11555136434
Paraguay;2013;12142040429
Paraguay;2014;12168557667
Paraguay;2015;10291213485
Paraguay;2016;9752560122
Peru;1992;3964246528
Peru;1994;5626270208
Peru;1995;7584036864
Peru;1996;7947168768
Peru;1997;8558284288
Peru;1998;8220255744
Peru;1999;6822840670
Peru;2000;7415018496
Peru;2001;7315912704
Peru;2002;7493004117
Peru;2003;8414051393
Peru;2004;10101027450
Peru;2005;12501829885
Peru;2006;15312255872
Peru;2007;20368278180
Peru;2008;29955015254
Peru;2009;21813514041
Peru;2010;29965752850
Peru;2011;37891038127
Peru;2012;42162930508
Peru;2013;43321710336
Peru;2014;42193570464
Peru;2015;38104614117
Philippines;1996;34701185024
Philippines;1997;38580924416
Philippines;1998;31529863168
Philippines;1999;32568125440
Philippines;2000;37007401766
Philippines;2001;34943391304
Philippines;2002;41091962443
Philippines;2003;42575743276
Philippines;2004;46102141035
Philippines;2005;49487422030
Philippines;2006;54077989752
Philippines;2007;57995660905
Philippines;2008;60419667297
Philippines;2009;45877737349
Philippines;2010;58467803681
Philippines;2011;63692684211
Philippines;2012;65349780522
Philippines;2013;65705431237
Philippines;2014;67718868519
Philippines;2015;70153466327
Poland;1994;21433480000
Poland;1995;29019476000
Poland;1996;37094949000
Poland;1997;42257501906
Poland;1998;47003859000
Poland;1999;45876120000
Poland;2000;48127384000
Poland;2001;49447434000
Poland;2002;54266342000
Poland;2003;67146113000
Poland;2004;88154396605
Poland;2005;101538809001
Poland;2006;125645308490
Poland;2007;164172482403
Poland;2008;210478513051
Poland;2009;149569835644
Poland;2010;174127590293
Poland;2011;209191546426
Poland;2012;191430111658
Poland;2013;205613792660
Poland;2014;216687292345
Poland;2015;189696473787
Portugal;1988;17889021952
Portugal;1989;19070269440
Portugal;1990;25410539520
Portugal;1991;26420817920
Portugal;1992;30610466816
Portugal;1993;24244244480
Portugal;1994;27065057280
Portugal;1995;33565130752
Portugal;1996;34121867264
Portugal;1997;34440638464
Portugal;1998;37048459264
Portugal;1999;39828577376
Portugal;2000;39878842403
Portugal;2001;39456360071
Portugal;2002;40032082325
Portugal;2003;47166165432
Portugal;2004;68222019741
Portugal;2005;63903733547
Portugal;2006;70707161372
Portugal;2007;82267209952
Portugal;2008;94553785723
Portugal;2009;71810896681
Portugal;2010;77682426213
Portugal;2011;83556366058
Portugal;2012;73044002041
Portugal;2013;75713900496
Portugal;2014;78395890972
Portugal;2015;66870945677
Qatar;2000;3252249600
Qatar;2001;3757831424
Qatar;2002;4052046336
Qatar;2003;4897417312
Qatar;2004;6004551031
Qatar;2005;10060887120
Qatar;2006;16440097181
Qatar;2007;23429162836
Qatar;2008;27900040521
Qatar;2010;23239545239
Qatar;2012;30787000000
Qatar;2013;27034102982
Qatar;2014;30447655949
Qatar;2015;32610463580
Rep. of Korea;1988;51807522816
Rep. of Korea;1989;61455781707
Rep. of Korea;1990;69839520986
Rep. of Korea;1991;81519706112
Rep. of Korea;1992;81758330880
Rep. of Korea;1993;83793960960
Rep. of Korea;1994;102342533120
Rep. of Korea;1995;135112900608
Rep. of Korea;1996;150334291968
Rep. of Korea;1997;144614211584
Rep. of Korea;1998;93280911360
Rep. of Korea;1999;119751244431
Rep. of Korea;2000;160479262799
Rep. of Korea;2001;141097085957
Rep. of Korea;2002;152124371610
Rep. of Korea;2003;178825838249
Rep. of Korea;2004;224460924213
Rep. of Korea;2005;261235582842
Rep. of Korea;2006;309379478872
Rep. of Korea;2007;356841657966
Rep. of Korea;2008;435270540291
Rep. of Korea;2009;323081674754
Rep. of Korea;2010;425208007078
Rep. of Korea;2011;524405223775
Rep. of Korea;2012;519575597289
Rep. of Korea;2013;515572970448
Rep. of Korea;2014;525556977998
Rep. of Korea;2015;436535682866
Rep. of Moldova;1994;659268656
Rep. of Moldova;1995;840707392
Rep. of Moldova;1996;1072267520
Rep. of Moldova;1997;746783370
Rep. of Moldova;1998;1023449920
Rep. of Moldova;1999;586569984
Rep. of Moldova;2000;776981056
Rep. of Moldova;2001;892475652
Rep. of Moldova;2002;1038367696
Rep. of Moldova;2003;1406269014
Rep. of Moldova;2004;1768533736
Rep. of Moldova;2005;2292292371
Rep. of Moldova;2006;2693162630
Rep. of Moldova;2007;3691596568
Rep. of Moldova;2008;4903765097
Rep. of Moldova;2009;3282547847
Rep. of Moldova;2010;3859600158
Rep. of Moldova;2011;5197726360
Rep. of Moldova;2012;5217914166
Rep. of Moldova;2013;5497819786
Rep. of Moldova;2014;5326805481
Rep. of Moldova;2015;3993272553
Romania;1989;8437671936
Romania;1990;9088603136
Romania;1991;5793350656
Romania;1992;6259609088
Romania;1993;6521681920
Romania;1994;7109047808
Romania;1995;10277897216
Romania;1996;11435274240
Romania;1997;11279739904
Romania;1998;11835426816
Romania;1999;10395266048
Romania;2000;13054494720
Romania;2001;15551616000
Romania;2002;17861681152
Romania;2003;24003123200
Romania;2004;32663696269
Romania;2005;40544057626
Romania;2006;51194680690
Romania;2007;69946195080
Romania;2008;82964978909
Romania;2009;54256269456
Romania;2010;62006624402
Romania;2011;76365284687
Romania;2012;70259718629
Romania;2013;73452191656
Romania;2014;77889070909
Romania;2015;69857682405
Russian Federation;1996;61147000000
Russian Federation;1997;67619000000
Russian Federation;1998;43711339493
Russian Federation;1999;30291545551
Russian Federation;2000;33880091843
Russian Federation;2001;41865361958
Russian Federation;2002;46176985039
Russian Federation;2003;57345988014
Russian Federation;2004;75569014526
Russian Federation;2005;98707255772
Russian Federation;2006;137811059897
Russian Federation;2007;199725954506
Russian Federation;2008;267051243546
Russian Federation;2009;170826590309
Russian Federation;2010;228911658149
Russian Federation;2011;306091490306
Russian Federation;2012;316192918041
Russian Federation;2013;314945094987
Russian Federation;2014;286648776878
Russian Federation;2015;183442530428
Rwanda;1996;234100080
Rwanda;1997;285468864
Rwanda;1998;293061184
Rwanda;1999;251019696
Rwanda;2001;278683655
Rwanda;2002;252816697
Rwanda;2003;261653637
Rwanda;2004;310142471
Rwanda;2005;374278186
Rwanda;2006;567132280
Rwanda;2007;627850822
Rwanda;2008;1070038173
Rwanda;2009;1112015455
Rwanda;2010;1405159404
Rwanda;2011;1356563511
Rwanda;2012;1831958002
Rwanda;2013;1989145469
Rwanda;2014;1954209560
Rwanda;2015;1858091101
Réunion;1994;2358358784
Réunion;1995;2711079680
Saint Kitts and Nevis;1993;117918800
Saint Kitts and Nevis;1994;127136032
Saint Kitts and Nevis;1995;132256944
Saint Kitts and Nevis;1996;145850240
Saint Kitts and Nevis;1997;147167824
Saint Kitts and Nevis;1999;152771968
Saint Kitts and Nevis;2000;195731485
Saint Kitts and Nevis;2001;189071199
Saint Kitts and Nevis;2002;201307838
Saint Kitts and Nevis;2003;199375181
Saint Kitts and Nevis;2004;182680799
Saint Kitts and Nevis;2005;210241064
Saint Kitts and Nevis;2006;249531329
Saint Kitts and Nevis;2007;271670421
Saint Kitts and Nevis;2008;324785527
Saint Kitts and Nevis;2009;295754201
Saint Kitts and Nevis;2010;269821940
Saint Kitts and Nevis;2011;246690153
Saint Lucia;1992;303263296
Saint Lucia;1993;299192288
Saint Lucia;1994;301765440
Saint Lucia;1995;306020288
Saint Lucia;1996;313504864
Saint Lucia;1997;332204000
Saint Lucia;1998;328167360
Saint Lucia;1999;354544192
Saint Lucia;2000;355049184
Saint Lucia;2001;275827552
Saint Lucia;2002;314986937
Saint Lucia;2003;407686872
Saint Lucia;2004;421582810
Saint Lucia;2005;485783594
Saint Lucia;2006;592480131
Saint Lucia;2007;614273962
Saint Lucia;2008;655737373
Saint Lucia;2014;642099093
Saint Vincent and the Grenadines;1993;133719856
Saint Vincent and the Grenadines;1994;130004184
Saint Vincent and the Grenadines;1995;134407776
Saint Vincent and the Grenadines;1997;182020336
Saint Vincent and the Grenadines;1998;192106912
Saint Vincent and the Grenadines;1999;200717984
Saint Vincent and the Grenadines;2000;161577642
Saint Vincent and the Grenadines;2001;186471804
Saint Vincent and the Grenadines;2002;177688293
Saint Vincent and the Grenadines;2003;201236836
Saint Vincent and the Grenadines;2004;225256445
Saint Vincent and the Grenadines;2005;240433824
Saint Vincent and the Grenadines;2006;271318516
Saint Vincent and the Grenadines;2007;326687511
Saint Vincent and the Grenadines;2008;373180796
Saint Vincent and the Grenadines;2009;333596093
Saint Vincent and the Grenadines;2010;379498171
Saint Vincent and the Grenadines;2011;383476910
Saint Vincent and the Grenadines;2012;403382896
Saint Vincent and the Grenadines;2015;333710126
Samoa;2001;136000192
Samoa;2002;132315218
Samoa;2003;150420686
Samoa;2004;209891669
Samoa;2005;238644814
Samoa;2006;275100282
Samoa;2007;265606784
Samoa;2008;287905445
Samoa;2009;230538859
Samoa;2010;309847819
Samoa;2011;345905720
Samoa;2012;345516406
Samoa;2013;366588279
Samoa;2014;388023853
Samoa;2015;370582374
Sao Tome and Principe;1999;38008344
Sao Tome and Principe;2000;29767743
Sao Tome and Principe;2001;28525365
Sao Tome and Principe;2002;31105281
Sao Tome and Principe;2003;40833591
Sao Tome and Principe;2004;41433788
Sao Tome and Principe;2005;49860404
Sao Tome and Principe;2006;71135517
Sao Tome and Principe;2007;79418250
Sao Tome and Principe;2008;114045081
Sao Tome and Principe;2009;103283149
Sao Tome and Principe;2010;112152144
Sao Tome and Principe;2011;133712481
Sao Tome and Principe;2012;141253970
Sao Tome and Principe;2013;152093663
Sao Tome and Principe;2014;169715687
Sao Tome and Principe;2015;141847245
Saudi Arabia;1991;29073801235
Saudi Arabia;1992;33272639488
Saudi Arabia;1993;28201402368
Saudi Arabia;1994;23042631680
Saudi Arabia;1995;28085112832
Saudi Arabia;1996;27764922368
Saudi Arabia;1998;30012264448
Saudi Arabia;1999;28031635613
Saudi Arabia;2000;28398740298
Saudi Arabia;2001;29154366310
Saudi Arabia;2002;30466326350
Saudi Arabia;2003;39569489728
Saudi Arabia;2004;44944407647
Saudi Arabia;2005;57232567930
Saudi Arabia;2006;67681047979
Saudi Arabia;2007;87816600598
Saudi Arabia;2008;112273148075
Saudi Arabia;2009;92457155434
Saudi Arabia;2010;103621530060
Saudi Arabia;2011;127962726620
Saudi Arabia;2012;151260012541
Saudi Arabia;2013;163013498700
Saudi Arabia;2014;168239638203
Saudi Arabia;2015;163820952509
Senegal;1996;2134253440
Senegal;1997;1706332928
Senegal;1998;1573858432
Senegal;1999;1604359110
Senegal;2000;1552784768
Senegal;2001;1724459999
Senegal;2002;2030990387
Senegal;2003;2398641404
Senegal;2004;2839133202
Senegal;2005;3497700592
Senegal;2006;3670993458
Senegal;2007;4871391682
Senegal;2008;6527603490
Senegal;2009;4712899438
Senegal;2010;4782239577
Senegal;2011;5908917003
Senegal;2012;6434215834
Senegal;2013;6552182262
Senegal;2014;6502674171
Senegal;2015;5595354746
Senegal;2016;5477912190
Serbia;2005;10461284867
Serbia;2006;13172329667
Serbia;2007;18553606220
Serbia;2008;22875303751
Serbia;2009;16047433276
Serbia;2010;16734509022
Serbia;2011;19861908142
Serbia;2012;18924891223
Serbia;2013;20550989938
Serbia;2014;20608584765
Serbia;2015;18210171281
Serbia and Montenegro;1992;3859204096
Serbia and Montenegro;1996;4101850880
Serbia and Montenegro;1997;4799141888
Serbia and Montenegro;1998;4849333760
Serbia and Montenegro;1999;3295209984
Serbia and Montenegro;2000;3710595072
Serbia and Montenegro;2001;4837010944
Serbia and Montenegro;2002;6320037888
Serbia and Montenegro;2004;11366392913
Seychelles;1994;206488384
Seychelles;1995;254654816
Seychelles;1996;346715232
Seychelles;1997;340064857
Seychelles;1998;383657010
Seychelles;1999;429447856
Seychelles;2000;342441262
Seychelles;2001;476133362
Seychelles;2002;419795922
Seychelles;2003;412721438
Seychelles;2004;496646552
Seychelles;2005;674896497
Seychelles;2006;757439969
Seychelles;2007;859172430
Seychelles;2008;1021991344
Seychelles;2010;1180310054
Seychelles;2011;1721114025
Seychelles;2012;1280067449
Seychelles;2013;925409475
Seychelles;2014;1075327066
Seychelles;2015;975247806
Sierra Leone;2000;151688951
Sierra Leone;2002;351962848
Sierra Leone;2014;2056845874
Sierra Leone;2015;1759408505
Singapore;1989;49689128960
Singapore;1990;60790210560
Singapore;1991;66093694976
Singapore;1992;72173641728
Singapore;1993;85230485504
Singapore;1994;102669287424
Singapore;1995;124503449600
Singapore;1996;131339984705
Singapore;1997;132441673839
Singapore;1998;101731540992
Singapore;1999;111060866386
Singapore;2000;134545794204
Singapore;2001;116002509920
Singapore;2002;116440933211
Singapore;2003;136264162376
Singapore;2004;173581211165
Singapore;2005;200050340120
Singapore;2006;238711241415
Singapore;2007;263154906772
Singapore;2008;319780296025
Singapore;2009;245784668235
Singapore;2010;310791133594
Singapore;2011;365770490720
Singapore;2012;379722888523
Singapore;2013;373015739788
Singapore;2014;366247321660
Singapore;2015;296744588534
Slovakia;1994;6610932736
Slovakia;1995;8161863680
Slovakia;1996;9409979392
Slovakia;1997;11726973952
Slovakia;1998;13070530560
Slovakia;1999;11130500282
Slovakia;2000;12774126851
Slovakia;2001;14769682306
Slovakia;2002;16753230641
Slovakia;2003;22755538814
Slovakia;2004;29456675922
Slovakia;2005;34225828873
Slovakia;2006;44758621589
Slovakia;2007;59207793369
Slovakia;2008;72611558377
Slovakia;2009;55159944855
Slovakia;2010;64735691015
Slovakia;2011;77083187068
Slovakia;2012;77354472443
Slovakia;2013;81833107900
Slovakia;2014;81807252710
Slovakia;2015;73390851025
Slovenia;1994;7303908864
Slovenia;1995;9491651584
Slovenia;1996;9420645376
Slovenia;1997;9365660672
Slovenia;1998;10110369792
Slovenia;1999;10081416835
Slovenia;2000;10114677691
Slovenia;2001;10146304376
Slovenia;2002;10932233218
Slovenia;2003;13852408345
Slovenia;2004;17598729939
Slovenia;2005;19668744144
Slovenia;2006;23081519697
Slovenia;2007;29574625587
Slovenia;2008;34090648819
Slovenia;2009;23988218772
Slovenia;2010;26701157179
Slovenia;2011;31323280556
Slovenia;2012;28451866410
Slovenia;2013;29451251410
Slovenia;2014;30144580170
Slovenia;2015;25949531880
So. African Customs Union;1992;18373402624
So. African Customs Union;1993;18026516480
So. African Customs Union;1994;21109549056
So. African Customs Union;1995;26744547328
So. African Customs Union;1996;26872406016
So. African Customs Union;1997;30878982144
So. African Customs Union;1998;26624038912
So. African Customs Union;1999;24092430336
Solomon Isds;1996;162916223
Solomon Isds;2002;69008843
Solomon Isds;2003;93823082
Solomon Isds;2004;121417275
Solomon Isds;2005;138837708
Solomon Isds;2006;232259801
Solomon Isds;2007;284992585
Solomon Isds;2008;306613510
Solomon Isds;2009;213505027
Solomon Isds;2010;327940424
Solomon Isds;2011;466088459
Solomon Isds;2012;493384227
Solomon Isds;2013;580241010
Solomon Isds;2014;499631263
Solomon Isds;2015;465830232
South Africa;2000;26770731386
South Africa;2001;25595222834
South Africa;2002;26347336478
South Africa;2003;34593753071
South Africa;2004;47603274062
South Africa;2005;55032638723
South Africa;2006;68861047270
South Africa;2007;79872587204
South Africa;2008;88057122808
South Africa;2009;63766057981
South Africa;2010;83234274476
South Africa;2011;103141841656
South Africa;2012;104537441319
South Africa;2013;103759844280
South Africa;2014;100184177455
South Africa;2015;79759391662
South Africa;2016;75105916609
Spain;1989;71430823936
Spain;1990;87703183360
Spain;1991;93328449536
Spain;1992;99756941312
Spain;1993;79749464064
Spain;1994;92502409216
Spain;1995;113398595584
Spain;1996;123182899200
Spain;1997;124417654784
Spain;1998;134522634240
Spain;1999;147865871280
Spain;2000;152898168796
Spain;2001;154992565306
Spain;2002;165919564934
Spain;2003;208548695563
Spain;2004;259264826295
Spain;2005;289610794906
Spain;2006;329975826516
Spain;2007;391236947607
Spain;2008;418728299509
Spain;2009;287501636242
Spain;2010;315547199309
Spain;2011;362834518549
Spain;2012;325835176357
Spain;2013;332266849878
Spain;2014;350977772970
Spain;2015;305266032300
Sri Lanka;1990;2634112512
Sri Lanka;1991;3089681829
Sri Lanka;1992;3419231092
Sri Lanka;1993;3742900641
Sri Lanka;1994;4483340800
Sri Lanka;1999;5338225152
Sri Lanka;2000;6177815058
Sri Lanka;2001;5417779168
Sri Lanka;2002;6038677070
Sri Lanka;2003;6514295591
Sri Lanka;2004;7852070730
Sri Lanka;2005;8307067738
Sri Lanka;2006;9773149992
Sri Lanka;2007;11385744139
Sri Lanka;2008;13629062682
Sri Lanka;2009;9431850987
Sri Lanka;2010;12353707838
Sri Lanka;2011;19696479835
Sri Lanka;2012;17884922005
Sri Lanka;2013;17982321860
Sri Lanka;2014;19244461188
Sri Lanka;2015;18967544456
State of Palestine;2007;3141279290
State of Palestine;2008;3568673594
State of Palestine;2009;3600785374
State of Palestine;2010;3958511516
State of Palestine;2011;4737646994
State of Palestine;2012;4697355942
State of Palestine;2013;5163897459
State of Palestine;2014;5683199332
State of Palestine;2015;5225466656
Sudan;2012;6580642961
Sudan;2015;8413439462
Suriname;1994;542561088
Suriname;1995;582819008
Suriname;1996;455923520
Suriname;1999;505790016
Suriname;2000;526447788
Suriname;2001;456560895
Suriname;2002;501842865
Suriname;2003;703863751
Suriname;2004;739981174
Suriname;2005;1049926271
Suriname;2006;1013148607
Suriname;2007;1044268725
Suriname;2008;1304331985
Suriname;2009;1390097805
Suriname;2010;1397499693
Suriname;2011;1637825758
Suriname;2012;1732784865
Suriname;2013;2308497856
Suriname;2014;1826727942
Swaziland;2000;1098613248
Swaziland;2001;948817855
Swaziland;2002;1063661769
Swaziland;2003;1457472194
Swaziland;2004;1770276683
Swaziland;2005;1656124486
Swaziland;2006;1242438344
Swaziland;2007;1270083232
Sweden;1992;49849364480
Sweden;1993;42634072064
Sweden;1994;51762065408
Sweden;1995;61646684160
Sweden;1996;64431443968
Sweden;1997;63168258048
Sweden;1998;68606316544
Sweden;1999;63989285556
Sweden;2000;72766525029
Sweden;2001;63536271623
Sweden;2002;67120675767
Sweden;2003;84199455582
Sweden;2004;100832516828
Sweden;2005;111351341748
Sweden;2006;127100924462
Sweden;2007;152822698820
Sweden;2008;168981675433
Sweden;2009;119948706612
Sweden;2010;148788238595
Sweden;2011;176944637697
Sweden;2012;164542408778
Sweden;2013;160588787761
Sweden;2014;162257051136
Sweden;2015;138098438857
Switzerland;1988;56371367936
Switzerland;1989;58206724096
Switzerland;1990;69691252736
Switzerland;1991;66502262784
Switzerland;1992;65743835136
Switzerland;1993;60828139520
Switzerland;1994;67997339648
Switzerland;1995;80152002560
Switzerland;1996;78272651264
Switzerland;1997;75900354560
Switzerland;1998;80094044160
Switzerland;1999;79857074176
Switzerland;2000;82486613103
Switzerland;2001;84101794019
Switzerland;2002;87326868122
Switzerland;2003;100351749974
Switzerland;2004;115969060251
Switzerland;2005;126573682395
Switzerland;2006;141399527856
Switzerland;2007;161346787495
Switzerland;2008;183515525436
Switzerland;2009;155572596857
Switzerland;2010;176280625555
Switzerland;2011;208219897633
Switzerland;2012;295071061330
Switzerland;2013;321050462022
Switzerland;2014;275053992633
Switzerland;2015;253152460172
Switzerland;2016;269157232225
Syria;2001;4553495678
Syria;2002;4487752559
Syria;2003;5110633984
Syria;2004;7048837024
Syria;2005;7897929801
Syria;2006;11488278728
Syria;2007;14655130254
Syria;2008;18104749275
Syria;2009;15442769571
Syria;2010;17561575593
TFYR of Macedonia;1994;1484081664
TFYR of Macedonia;1995;1718889856
TFYR of Macedonia;1996;1626900864
TFYR of Macedonia;1997;1778488832
TFYR of Macedonia;1998;1914646016
TFYR of Macedonia;1999;1776133248
TFYR of Macedonia;2000;2093872193
TFYR of Macedonia;2001;1687599755
TFYR of Macedonia;2002;1995155655
TFYR of Macedonia;2003;2299920732
TFYR of Macedonia;2004;2903435331
TFYR of Macedonia;2005;3227998287
TFYR of Macedonia;2006;3762715288
TFYR of Macedonia;2007;5227575519
TFYR of Macedonia;2008;6851673000
TFYR of Macedonia;2009;5043114724
TFYR of Macedonia;2010;5474484811
TFYR of Macedonia;2011;7027162087
TFYR of Macedonia;2012;6522387659
TFYR of Macedonia;2013;6619586359
TFYR of Macedonia;2014;7301343253
TFYR of Macedonia;2015;6399822864
Tajikistan;2000;643966000
Thailand;1988;20283012525
Thailand;1989;25762676678
Thailand;1990;33371353753
Thailand;1991;37588311863
Thailand;1992;40686780211
Thailand;1993;46239291015
Thailand;1994;54437124076
Thailand;1995;70780755968
Thailand;1996;72316152492
Thailand;1997;62461686829
Thailand;1998;42370057556
Thailand;1999;50309073337
Thailand;2000;62660204120
Thailand;2001;62977585831
Thailand;2002;65595775407
Thailand;2003;76920254290
Thailand;2004;95488617088
Thailand;2005;119532892902
Thailand;2006;130037732976
Thailand;2007;145689753844
Thailand;2008;180781233912
Thailand;2009;135830486894
Thailand;2010;184673422261
Thailand;2011;230789072839
Thailand;2012;249859104194
Thailand;2013;252970814068
Thailand;2014;230201303620
Thailand;2015;204595094290
Timor-Leste;2004;113488860
Timor-Leste;2005;101613157
Timor-Leste;2013;513738509
Togo;1994;221338112
Togo;1995;556332480
Togo;1996;667376960
Togo;1997;631696320
Togo;1998;686900672
Togo;1999;668242112
Togo;2000;323927531
Togo;2001;354964440
Togo;2002;405330377
Togo;2003;568376618
Togo;2004;557827349
Togo;2005;592615810
Togo;2007;787098470
Togo;2008;1176230351
Togo;2009;1174727651
Togo;2010;1206810467
Togo;2011;1757920119
Togo;2012;1663664643
Togo;2013;1967339825
Togo;2014;1753249689
Togo;2015;1732128791
Tonga;2000;69463560
Tonga;2001;72657478
Tonga;2002;89002221
Tonga;2003;93016270
Tonga;2004;104749241
Tonga;2005;120327973
Tonga;2006;116525014
Tonga;2007;142563270
Tonga;2008;166007423
Tonga;2009;144771082
Tonga;2010;158777385
Tonga;2011;192928675
Tonga;2012;199169459
Tonga;2013;198026763
Tonga;2014;218185760
Trinidad and Tobago;1991;1674476416
Trinidad and Tobago;1992;1376723072
Trinidad and Tobago;1993;1462865920
Trinidad and Tobago;1994;1133733120
Trinidad and Tobago;1995;1723649536
Trinidad and Tobago;1996;2204458752
Trinidad and Tobago;1997;3059441408
Trinidad and Tobago;1998;3011492608
Trinidad and Tobago;1999;2743761466
Trinidad and Tobago;2000;3308144896
Trinidad and Tobago;2001;3932118784
Trinidad and Tobago;2002;3661013344
Trinidad and Tobago;2003;3942172350
Trinidad and Tobago;2004;4869582116
Trinidad and Tobago;2005;5693909496
Trinidad and Tobago;2006;6477696077
Trinidad and Tobago;2007;7662830444
Trinidad and Tobago;2008;9591475452
Trinidad and Tobago;2009;6955934678
Trinidad and Tobago;2010;6479801591
Tunisia;1991;5188116992
Tunisia;1992;6431543808
Tunisia;1993;6213943808
Tunisia;1994;6483873792
Tunisia;1995;7903050467
Tunisia;1996;7698143744
Tunisia;1997;7946986496
Tunisia;1998;8347290112
Tunisia;1999;8336881152
Tunisia;2000;8565540019
Tunisia;2001;9526901548
Tunisia;2002;9522562986
Tunisia;2003;10951391162
Tunisia;2004;12736541513
Tunisia;2005;13174322624
Tunisia;2006;15007295767
Tunisia;2007;19099373217
Tunisia;2008;24638377464
Tunisia;2009;19096173950
Tunisia;2010;22215362061
Tunisia;2011;23952125053
Tunisia;2012;24470606056
Tunisia;2013;24266395361
Tunisia;2014;24793340075
Tunisia;2015;20222503107
Turkey;1989;15759743603
Turkey;1990;22300671714
Turkey;1991;21046996144
Turkey;1992;22871025135
Turkey;1993;29429302157
Turkey;1994;23267977328
Turkey;1995;35707437056
Turkey;1996;42930274304
Turkey;1997;48585060352
Turkey;1998;45908185088
Turkey;1999;40686712277
Turkey;2000;54149795284
Turkey;2001;41399079443
Turkey;2002;51270195622
Turkey;2003;69339692057
Turkey;2004;97539765968
Turkey;2005;116774150907
Turkey;2006;139576174148
Turkey;2007;170062714501
Turkey;2008;201963574109
Turkey;2009;140928421211
Turkey;2010;185544331852
Turkey;2011;240841676274
Turkey;2012;236545140909
Turkey;2013;251661250110
Turkey;2014;242177117073
Turkey;2015;207206508911
Turkmenistan;1997;1183429466
Turkmenistan;1998;1007479556
Turkmenistan;1999;1478246016
Turkmenistan;2000;1785532672
Turks and Caicos Isds;1999;147365683
Turks and Caicos Isds;2000;148670330
Turks and Caicos Isds;2001;156751884
Turks and Caicos Isds;2002;177335417
Turks and Caicos Isds;2003;168859508
Turks and Caicos Isds;2004;220603139
Turks and Caicos Isds;2005;303720394
Turks and Caicos Isds;2006;497760088
Turks and Caicos Isds;2007;580593758
Turks and Caicos Isds;2008;591251785
Turks and Caicos Isds;2009;375393512
Turks and Caicos Isds;2011;260185322
Turks and Caicos Isds;2012;268531134
Tuvalu;1997;6735530
Tuvalu;1998;10235740
Tuvalu;1999;8090058
Tuvalu;2001;3509661
Tuvalu;2002;11156811
Tuvalu;2004;11480612
Tuvalu;2005;12901871
Tuvalu;2006;12708703
Tuvalu;2008;26488947
USA;1991;508944033884
USA;1992;553496473571
USA;1993;603153591727
USA;1994;689029922860
USA;1995;770821455872
USA;1996;817627145588
USA;1997;898025469114
USA;1998;944350087088
USA;1999;1059220066421
USA;2000;1258080275326
USA;2001;1180073831580
USA;2002;1202284490498
USA;2003;1305091627452
USA;2004;1525268509309
USA;2005;1732320797682
USA;2006;1918997094449
USA;2007;2017120776311
USA;2008;2164834031060
USA;2009;1601895815130
USA;2010;1968259900993
USA;2011;2263619062869
USA;2012;2334677716383
USA;2013;2326590208528
USA;2014;2410855476207
USA;2015;2313424569327
Uganda;1994;681020032
Uganda;1995;1037641088
Uganda;1996;952745344
Uganda;1997;795344768
Uganda;1998;1105467776
Uganda;1999;1015226161
Uganda;2000;953986878
Uganda;2001;1007880555
Uganda;2002;1073752953
Uganda;2003;1375106363
Uganda;2004;1900546899
Uganda;2005;2331281597
Uganda;2006;2557307353
Uganda;2007;3493354095
Uganda;2008;4525858559
Uganda;2009;4247371346
Uganda;2010;4664338469
Uganda;2011;5630874738
Uganda;2012;6044262529
Uganda;2013;5822138445
Uganda;2014;6073527802
Uganda;2015;5528117117
Ukraine;1996;17602879488
Ukraine;1997;17124859904
Ukraine;1998;14675974144
Ukraine;1999;11846114304
Ukraine;2000;13955998720
Ukraine;2001;15775062016
Ukraine;2002;16975852544
Ukraine;2003;23020437660
Ukraine;2004;28996784330
Ukraine;2005;36121997444
Ukraine;2006;45021620604
Ukraine;2007;60600580936
Ukraine;2008;85448380848
Ukraine;2009;45412943890
Ukraine;2010;60737134586
Ukraine;2011;82607537264
Ukraine;2012;84656666978
Ukraine;2013;76986012502
Ukraine;2014;54381409090
Ukraine;2015;37516153220
United Arab Emirates;1991;4284482560
United Arab Emirates;1992;5188946944
United Arab Emirates;1993;5506344960
United Arab Emirates;1999;25911556936
United Arab Emirates;2000;27191896884
United Arab Emirates;2001;30544291916
United Arab Emirates;2002;42652100000
United Arab Emirates;2003;52074000000
United Arab Emirates;2004;72072000000
United Arab Emirates;2005;80814015853
United Arab Emirates;2006;97863600000
United Arab Emirates;2007;127001504679
United Arab Emirates;2008;175485699238
United Arab Emirates;2009;164251000000
United Arab Emirates;2010;180726000000
United Arab Emirates;2011;210945000000
United Arab Emirates;2012;261022920180
United Arab Emirates;2013;294966918275
United Arab Emirates;2014;298611277362
United Arab Emirates;2015;287024847500
United Kingdom;1993;195956785152
United Kingdom;1994;223955009536
United Kingdom;1995;261456478208
United Kingdom;1996;282720141312
United Kingdom;1997;305135405241
United Kingdom;1998;311879512430
United Kingdom;1999;315333083128
United Kingdom;2000;379165278146
United Kingdom;2001;363624003939
United Kingdom;2002;377417354405
United Kingdom;2003;430815603592
United Kingdom;2004;508522828588
United Kingdom;2005;535238516425
United Kingdom;2006;621760709960
United Kingdom;2007;687150508823
United Kingdom;2008;709355234972
United Kingdom;2009;555483263477
United Kingdom;2010;631117448261
United Kingdom;2011;722236291158
United Kingdom;2012;694309022050
United Kingdom;2013;662715100532
United Kingdom;2014;703341442000
United Kingdom;2015;630336663425
United Rep. of Tanzania;1995;1652983168
United Rep. of Tanzania;1996;1252660096
United Rep. of Tanzania;1997;1301926528
United Rep. of Tanzania;1998;1670766464
United Rep. of Tanzania;1999;1588020090
United Rep. of Tanzania;2000;1586435328
United Rep. of Tanzania;2001;1728513024
United Rep. of Tanzania;2002;1691192746
United Rep. of Tanzania;2003;2164320375
United Rep. of Tanzania;2004;2556444820
United Rep. of Tanzania;2005;3246825669
United Rep. of Tanzania;2006;4526727744
United Rep. of Tanzania;2007;5919021594
United Rep. of Tanzania;2008;8087734648
United Rep. of Tanzania;2009;6530823093
United Rep. of Tanzania;2010;8012873966
United Rep. of Tanzania;2011;11184220765
United Rep. of Tanzania;2012;11715589144
United Rep. of Tanzania;2013;12525411044
United Rep. of Tanzania;2014;12691109568
United Rep. of Tanzania;2015;14705968733
Uruguay;1994;2707172864
Uruguay;1995;2865744896
Uruguay;1996;3322374912
Uruguay;1997;3715532288
Uruguay;1998;3807613952
Uruguay;1999;3356245106
Uruguay;2000;3465809103
Uruguay;2001;3060842699
Uruguay;2002;1966843510
Uruguay;2003;2190369569
Uruguay;2004;3118631405
Uruguay;2005;3878882321
Uruguay;2006;4806055547
Uruguay;2007;5627662830
Uruguay;2008;9069360168
Uruguay;2009;6906724905
Uruguay;2010;8621757641
Uruguay;2011;10726377515
Uruguay;2012;11669873751
Uruguay;2013;11661728757
Uruguay;2014;10790697023
Uruguay;2015;9522262933
Vanuatu;1993;73518919
Vanuatu;1994;83255464
Vanuatu;2000;86683389
Vanuatu;2006;159110672
Vanuatu;2007;201713524
Vanuatu;2009;277757051
Vanuatu;2010;276007294
Vanuatu;2011;280646739
Venezuela;1994;8036687872
Venezuela;1995;10791265280
Venezuela;1996;8902211584
Venezuela;1997;13158796288
Venezuela;1998;14250360832
Venezuela;1999;13553948776
Venezuela;2000;14584165376
Venezuela;2001;16435556302
Venezuela;2002;11673345832
Venezuela;2003;8357705354
Venezuela;2004;14697160950
Venezuela;2005;21873792754
Venezuela;2006;30559000000
Venezuela;2007;41985082248
Venezuela;2008;47619263429
Venezuela;2009;38676637470
Venezuela;2010;32342937236
Venezuela;2011;49239069088
Venezuela;2012;59073186152
Venezuela;2013;44951787132
Viet Nam;2000;15636528000
Viet Nam;2001;16217930602
Viet Nam;2002;19745553636
Viet Nam;2003;25255777876
Viet Nam;2004;31968819728
Viet Nam;2005;36761116336
Viet Nam;2006;44891115726
Viet Nam;2007;62764687710
Viet Nam;2008;80713829087
Viet Nam;2009;69948810000
Viet Nam;2010;84838552670
Viet Nam;2011;106749853535
Viet Nam;2012;113780430859
Viet Nam;2013;132032531179
Viet Nam;2014;147839047559
Viet Nam;2015;165775857847
Wallis and Futuna Isds;2000;36792886
Wallis and Futuna Isds;2001;32586898
Wallis and Futuna Isds;2002;37984253
Wallis and Futuna Isds;2003;41684482
Wallis and Futuna Isds;2004;52613665
Wallis and Futuna Isds;2005;50778367
Wallis and Futuna Isds;2006;57200285
Yemen;2004;3987422348
Yemen;2005;5399865157
Yemen;2006;6080883262
Yemen;2007;8510708299
Yemen;2008;10546160169
Yemen;2009;9184846734
Yemen;2010;9255368349
Yemen;2011;10033590105
Yemen;2012;11304620268
Yemen;2013;13272928405
Yemen;2014;12041580986
Yemen;2015;6572822909
Zambia;1995;708202560
Zambia;1996;798927009
Zambia;1997;1000681995
Zambia;1998;1099536256
Zambia;1999;822126464
Zambia;2000;887956960
Zambia;2001;1081841812
Zambia;2002;1102477513
Zambia;2003;1573829425
Zambia;2004;2152072292
Zambia;2005;2558009808
Zambia;2006;3074261462
Zambia;2007;4006980371
Zambia;2008;5060482666
Zambia;2009;3792642675
Zambia;2010;5320834326
Zambia;2011;7177788168
Zambia;2012;8805152737
Zambia;2013;10161842686
Zambia;2014;9539024070
Zambia;2015;8419753552
Zimbabwe;1995;2658853376
Zimbabwe;2001;1714920192
Zimbabwe;2002;2466734080
Zimbabwe;2004;2203775543
Zimbabwe;2005;2072259499
Zimbabwe;2006;2576556054
Zimbabwe;2007;3441651351
Zimbabwe;2008;2831813705
Zimbabwe;2009;3526779920
Zimbabwe;2010;5852266737
Zimbabwe;2011;8599250917
Zimbabwe;2012;7362538677
Zimbabwe;2013;7704177972
Zimbabwe;2014;6379758045
Zimbabwe;2015;6002231852
