top1,top2,top3,year,gdp,country
0.444801831761,0.0,0.640712468193,1985,4.734082845,Canada
0.422177397372,0.198837285257,0.640712468193,1986,2.161815553,Canada
0.385760235512,0.619521196682,0.640712468193,1987,4.096464516,Canada
0.338003598103,0.820612058266,0.640712468193,1988,4.429400975,Canada
0.28190590416,0.980648638056,0.640712468193,1989,2.323973923,Canada
0.221883007142,0.926644457509,0.0540712468193,1990,0.154346036,Canada
0.154009703974,0.880723757267,0.0724212174594,1991,-2.125692233,Canada
0.0847734830726,0.727006989353,0.0,1992,0.882976026,Canada
0.0280761053263,0.516199621138,0.18912703073,1993,2.655235883,Canada
0.0,0.388415311255,0.262380113525,1994,4.493474619,Canada
0.00665103854331,0.422186295643,0.185799569387,1995,2.677708436,Canada
0.0072507223464,0.406476582403,0.409669211196,1996,1.611048031,Canada
0.0569699612931,0.295855379189,0.608582892934,1997,4.279812433,Canada
0.142343128169,0.0501992292116,0.633636719515,1998,3.881759144,Canada
0.241018372131,0.121480828271,0.750048933255,1999,5.1632109,Canada
0.339475549256,0.721634332745,0.963642591505,2000,5.182690286,Canada
0.460884261026,0.599990201842,0.977637502447,2001,1.770819089,Canada
0.567627977975,0.750571559214,0.887062047367,2002,3.010016308,Canada
0.665103854331,0.700307008949,0.935457036602,2003,1.802273312,Canada
0.760235512184,0.803710235809,1.0,2004,3.085961209,Canada
0.848825164913,0.494366059181,0.979692699158,2005,3.201382137,Canada
0.919151720002,0.358694232151,0.789733803093,2006,2.623412623,Canada
0.973232295699,0.48474753413,0.812340966921,2007,2.06274769,Canada
1.0,0.833153700438,0.905412018007,2008,1.000360973,Canada
0.988333424195,0.296328956823,0.913486005089,2009,-2.949587643,Canada
0.934034781661,0.616679730877,0.796926991583,2010,3.08351422,Canada
0.811590252412,0.923198771964,0.751859463692,2011,3.141219001,Canada
0.676824946846,1.0,0.801428851047,2012,1.745472283,Canada
0.518344872703,0.663482265334,0.691035427677,2013,2.218068188,Canada
0.332933544131,0.885181919133,0.646359365825,2014,2.472892638,Canada
0.12577004852,1.14305310602,1.0,2015,1.078268751,Canada
0.381696440011,0.159395106373,0.0,1985,4.238737521,United States
0.381696440011,0.00713849621941,0.023705358644,1986,3.511614499,United States
0.381696440011,0.0560865073029,0.04417507386,1987,3.461747692,United States
0.381696440011,0.0182689146668,0.062216032801,1988,4.203971979,United States
0.381696440011,0.0619452402198,0.0771621773645,1989,3.680524033,United States
0.381696440011,0.118607053961,0.0974446740051,1990,1.919370297,United States
0.5000000425,0.0833137650871,0.111826153231,1991,-0.074084531,United States
0.625000010714,0.0720776781102,0.119272969249,1992,3.555396148,United States
0.517857168699,0.0474216878786,0.123487151451,1993,2.745856719,United States
0.374999989286,0.032487202367,0.128640228581,1994,4.037643425,United States
0.285714273469,0.0471516460809,0.13717309914,1995,2.718975789,United States
0.25000002125,0.0905931526793,0.157831900966,1996,3.795881229,United States
0.160714305434,0.0724299065421,0.180501745782,1997,4.487026493,United States
0.0892857158163,0.0,0.214271970889,1998,4.449910963,United States
0.035714337398,0.0557695017142,0.25152649558,1999,4.685199608,United States
0.0,0.186669327948,0.284364675217,2000,4.092176449,United States
0.125000053214,0.134469074344,0.333884195971,2001,0.975981834,United States
0.321428610867,0.137369088433,0.38026334306,2002,1.786127687,United States
0.357142863265,0.195827267177,0.427152982483,2003,2.806775956,United States
0.267857147449,0.317346076175,0.461283426922,2004,3.78574285,United States
0.196428557653,0.493448551167,0.493539921352,2005,3.345216063,United States
0.107142841837,0.606267317898,0.534766925327,2006,2.666625826,United States
0.107142841837,0.679436904147,0.585502225244,2007,1.77857024,United States
0.321428610867,1.0,0.645099584923,2008,-0.291621459,United States
0.946428536582,0.555041562955,0.720551680422,2009,-2.775529574,United States
1.0,0.762985488189,0.74594003443,2010,2.531920616,United States
0.875000031964,0.946672615414,0.822217074749,2011,1.601454672,United States
0.732142852551,0.936070539614,0.91826414756,2012,2.224030854,United States
0.589285758316,0.980580472456,1.0,2013,1.489524949,United States
0.374999989286,0.924235664303,1.07976507597,2014,2.427795636,United States
1.0,0.403090217442,1.15926551372,2015,2.425970526,United States
0.0,0.0,0.323453995387,1985,5.249480511,Australia
0.131017823593,0.0415062045357,0.323453995387,1986,4.101527898,Australia
0.256988279969,0.0907145913564,0.323453995387,1987,2.574492714,Australia
0.399770867919,0.18271287976,0.0,1988,5.769038185,Australia
0.523044921817,0.18485237484,0.016350078786,1989,3.878700006,Australia
0.564775788542,0.23406076166,0.0293988015108,1990,3.529134884,Australia
0.522764098333,0.23406076166,0.0391070856706,1991,-0.379883394,Australia
0.472036939471,0.118528027386,0.0452594077399,1992,0.399007033,Australia
0.43238863982,0.124946512623,0.0451526989613,1993,4.060134769,Australia
0.40565573526,0.127086007702,0.068494242853,1994,4.037946572,Australia
0.420703400698,0.142062473256,0.0947367801118,1995,3.87904044,Australia
0.428539121445,0.193410355156,0.126291444313,1996,3.949140722,Australia
0.421279958647,0.197689345315,0.137820332694,1997,3.947341804,Australia
0.401212262791,0.150620453573,0.10827689327,1998,4.438243428,Australia
0.395695199658,0.291827128798,0.104780317418,1999,5.007096354,Australia
0.423084187401,0.223363286264,0.12924372096,2000,3.868657682,Australia
0.467521397258,0.221223791185,0.127219242262,2001,1.929386797,Australia
0.493958567353,0.283269148481,0.134400051548,2002,3.856686721,Australia
0.541169219758,0.533590072743,0.156857587573,2003,3.070798721,Australia
0.568921041383,0.610611895593,0.225430955252,2004,4.149374345,Australia
0.622854061254,0.747539580659,0.308108738591,2005,3.206642301,Australia
0.661925802956,1.0,0.381414131583,2006,2.982870285,Australia
0.718142688152,0.396662387677,0.457021213001,2007,3.757657864,Australia
0.848300645148,0.525032092426,0.650395309329,2008,3.706699506,Australia
0.754098034733,0.713307659392,0.510869761481,2009,1.819678261,Australia
0.907035001044,0.726144629867,0.757328527968,2010,2.018182144,Australia
0.927773691064,0.82028241335,1.0,2011,2.379561336,Australia
1.0,0.87163029525,0.9441936024,2012,3.632720303,Australia
0.768298259391,0.950791613179,0.926885738617,2013,2.440049062,Australia
0.798716661531,0.97432605905,0.87730356812,2014,2.499851222,Australia
0.807181128662,0.875909285409,0.654371638868,2015,2.257825112,Australia
0.275839751108,0.501051899311,0.159395106373,1985,4.113248602,United Kingdom
0.275839751108,0.501051899311,0.00713849621941,1986,3.168344,United Kingdom
0.275839751108,0.501051899311,0.0560865073029,1987,5.560088461,United Kingdom
0.275839751108,0.501051899311,0.0182689146668,1988,5.920048849,United Kingdom
0.65985995386,0.501051899311,0.0619452402198,1989,2.519097553,United Kingdom
0.917009829071,0.501051899311,0.118607053961,1990,0.553581904,United Kingdom
1.0,0.501051899311,0.0833137650871,1991,-1.257045499,United Kingdom
0.515204291467,0.501051899311,0.0720776781102,1992,0.446408127,United Kingdom
0.255096181872,0.0,0.0474216878786,1993,2.634999891,United Kingdom
0.176842101964,0.0810641722263,0.032487202367,1994,4.023968099,United Kingdom
0.27731989506,0.172948504161,0.0471516460809,1995,2.521726173,United Kingdom
0.251331865699,0.222667978229,0.0905931526793,1996,2.667812646,United Kingdom
0.147120289912,0.28797489003,0.0724299065421,1997,3.098960561,United Kingdom
0.119106169186,0.265732247723,0.0,1998,3.376468167,United Kingdom
0.0815334473927,0.253198238947,0.0557695017142,1999,3.112744032,United Kingdom
0.0,0.329279941298,0.186669327948,2000,3.79884463,United Kingdom
0.0667852207357,0.289314066726,0.134469074344,2001,2.75803547,United Kingdom
0.0697934726092,0.306285411589,0.137369088433,2002,2.493914266,United Kingdom
0.0856113233554,0.373603759394,0.195827267177,2003,3.336664571,United Kingdom
0.082895337821,0.484583568762,0.317346076175,2004,2.488458121,United Kingdom
0.187391093253,0.581998306639,0.493448551167,2005,2.996358264,United Kingdom
0.229460680317,0.752090351523,0.606267317898,2006,2.661822553,United Kingdom
0.227609312923,0.740227171554,0.679436904147,2007,2.586036583,United Kingdom
0.419159663507,0.812586784309,1.0,2008,-0.466876766,United Kingdom
0.204666400709,0.496432591971,0.555041562955,2009,-4.19194486,United Kingdom
0.370580124708,0.657598428111,0.762985488189,2010,1.54017665,United Kingdom
0.548208387839,0.903677856908,0.946672615414,2011,1.972398563,United Kingdom
0.301812017526,0.829200662911,0.936070539614,2012,1.179056123,United Kingdom
0.262216935149,1.0,0.980580472456,2013,2.159903871,United Kingdom
0.100027299115,0.91175792043,0.924235664303,2014,2.852843317,United Kingdom
-0.108968015151,0.771970830724,0.403090217442,2015,2.329183321,United Kingdom
0.0,0.452856265035,0.424240135879,1985,5.553318028,Norway
0.0591014010414,0.452856265035,0.139775135681,1986,4.042325837,Norway
0.119007998282,0.452856265035,0.641354781524,1987,1.753376587,Norway
0.171721509474,0.452856265035,0.793521966486,1988,-0.255353836,Norway
0.20908261313,0.452856265035,0.987157330745,1989,1.038285104,Norway
0.229588276343,0.00618833420641,1.0,1990,1.932438878,Norway
0.211015084009,0.00359420390245,0.871656251238,1991,3.084674239,Norway
0.187825433464,0.0108865154578,0.536397466624,1992,3.574403308,Norway
0.160448762682,0.0,0.526746276195,1993,2.845312155,Norway
0.13720543239,0.0259084001853,0.271759745276,1994,5.055453525,Norway
0.126040045091,0.0414345067242,0.378302895852,1995,4.15395058,Norway
0.119598475495,0.162030394733,0.247973448085,1996,5.027995445,Norway
0.128509313436,0.206587786403,0.346011765638,1997,5.284621018,Norway
0.153524075366,0.205935501747,0.665781107634,1998,2.624459058,Norway
0.196789951151,0.237253535253,0.618436299172,1999,2.013307553,Norway
0.260185731923,0.274263185314,0.381430000396,2000,3.205285079,Norway
0.33195555317,0.294818233376,0.455587935269,2001,2.085328034,Norway
0.420312416125,0.456745012981,0.337406657291,2002,1.437708802,Norway
0.519244189167,0.532054162716,0.52495988987,2003,0.919841889,Norway
0.615438295131,0.591970549059,0.425044814404,2004,3.959038033,Norway
0.696655751785,0.661375945416,0.273619171652,2005,2.624720535,Norway
0.804927800741,0.681785239606,0.0,2006,2.395092466,Norway
0.888346127006,0.691578456712,0.186807976469,2007,2.929766044,Norway
0.946534972355,0.811025053792,0.0929713187814,2008,0.384306038,Norway
0.980836330453,0.862219586146,0.357264885315,2009,-1.622533265,Norway
0.992001717752,0.883195444398,0.433435754467,2010,0.60193444,Norway
1.0,0.84800959378,0.369601226082,2011,0.96877971,Norway
0.982715121585,1.0,0.31308679634,2012,2.748768783,Norway
0.924955714209,0.914970654406,0.303509883928,2013,0.99870545,Norway
0.833378066456,0.917576329571,0.651775987402,2014,2.214762793,Norway
0.730635031403,1.0,1.11193944856,2015,1.598068601,Norway
0.559266553122,0.572565310493,0.0,1985,2.160373742,Sweden
0.559266553122,0.572565310493,0.0188605364924,1986,2.691323192,Sweden
0.559266553122,0.572565310493,0.0430134920917,1987,3.353842968,Sweden
0.0,0.572565310493,0.0549134176247,1988,2.559038704,Sweden
0.0193740685544,0.572565310493,0.0766217775006,1989,2.654806911,Sweden
0.0767511177347,0.107708779443,0.107080491574,1990,0.754674751,Sweden
0.0767511177347,0.0,0.145022689405,1991,-1.145974861,Sweden
0.0871833084948,0.0907922912206,0.150462001792,1992,-1.158592739,Sweden
0.026825633383,0.297644539615,0.179303992728,1993,-2.065616382,Sweden
0.118479880775,0.354175588865,0.20006775032,1994,4.087601987,Sweden
0.365871833085,0.421841541756,0.204410521192,1995,4.024306541,Sweden
0.51564828614,0.617344753747,0.249559123928,1996,1.517861239,Sweden
0.56780923994,0.846680942184,0.272020900559,1997,2.900482859,Sweden
0.649776453055,0.814346895075,0.269797205417,1998,4.226791693,Sweden
0.657228017884,0.681370449679,0.292098296498,1999,4.530152752,Sweden
0.828614008942,0.925695931478,0.343830072957,2000,4.735287133,Sweden
0.426229508197,0.755674518201,0.355137715814,2001,1.563410279,Sweden
0.538002980626,0.46852248394,0.366479671147,2002,2.073577213,Sweden
0.627421758569,0.850107066381,0.394648756302,2003,2.385740236,Sweden
0.910581222057,0.938115631692,0.411341775922,2004,4.32052981,Sweden
0.910581222057,0.8,0.469609182019,2005,2.818329618,Sweden
0.992548435171,0.637901498929,0.584990601633,2006,4.688127152,Sweden
0.746646795827,0.35096359743,0.721812945649,2007,3.404948895,Sweden
0.769001490313,1.0,0.8169501165,2008,-0.557047628,Sweden
0.575260804769,0.565952890792,0.840694574222,2009,-5.18465903,Sweden
0.828614008942,0.749250535332,0.858464400077,2010,5.988926547,Sweden
1.0,0.521841541756,0.893504614636,2011,2.664407951,Sweden
0.858420268256,0.92312633833,0.971307593519,2012,-0.286320615,Sweden
0.895678092399,0.0873661670236,1.0,2013,1.241204917,Sweden
0.858420268256,0.507708779443,1.05106952324,2014,2.266978422,Sweden
0.73174366617,1.0,1.13722859925,2015,4.093637317,Sweden
0.523163363944,0.00428061831153,0.159395106373,1985,4.024434464,Denmark
0.523163363944,0.0,0.00713849621941,1986,4.94924089,Denmark
0.523163363944,0.0630202140309,0.0560865073029,1987,0.28993683,Denmark
0.523163363944,0.0689655172414,0.0182689146668,1988,-0.142664103,Denmark
0.523163363944,0.0172413793103,0.0619452402198,1989,0.572900399,Denmark
0.523163363944,0.0665873959572,0.118607053961,1990,1.607443631,Denmark
0.523163363944,0.028418549346,0.0833137650871,1991,1.300427042,Denmark
0.523163363944,0.0713436385256,0.0720776781102,1992,1.975460501,Denmark
0.523163363944,0.0630202140309,0.0474216878786,1993,-0.089605044,Denmark
0.523163363944,0.0485136741974,0.032487202367,1994,5.525396929,Denmark
0.523163363944,0.0725326991677,0.0471516460809,1995,3.065175426,Denmark
0.523163363944,0.109393579073,0.0905931526793,1996,2.900132129,Denmark
0.523163363944,0.166468489893,0.0724299065421,1997,3.260895114,Denmark
0.523163363944,0.122473246136,0.0,1998,2.218139367,Denmark
0.523163363944,0.205707491082,0.0557695017142,1999,2.948016194,Denmark
0.523163363944,0.120095124851,0.186669327948,2000,3.746890518,Denmark
0.523163363944,0.143876337693,0.134469074344,2001,0.823156075,Denmark
0.523163363944,0.262782401902,0.137369088433,2002,0.466298252,Denmark
0.523163363944,0.385255648038,0.195827267177,2003,0.390091339,Denmark
0.523163363944,0.40903686088,0.317346076175,2004,2.638951051,Denmark
0.523163363944,0.337693222354,0.493448551167,2005,2.437029516,Denmark
0.523163363944,0.303210463734,0.606267317898,2006,3.796742609,Denmark
0.523163363944,0.341260404281,0.679436904147,2007,0.824417532,Denmark
0.523163363944,0.436385255648,1.0,2008,-0.717955926,Denmark
0.523163363944,0.844233055886,0.555041562955,2009,-5.087936061,Denmark
0.0,0.843043995244,0.762985488189,2010,1.625132918,Denmark
0.576748026422,0.944114149822,0.946672615414,2011,1.152142525,Denmark
0.642419848558,1.0,0.936070539614,2012,-0.073322003,Denmark
1.0,0.988109393579,0.980580472456,2013,-0.243779283,Denmark
0.39664894474,0.829964328181,0.924235664303,2014,1.261905838,Denmark
1.0,0.708680142687,0.403090217442,2015,1.178551281,Denmark
0.438232861772,0.218997361478,0.483540179696,1985,2.580179809,Netherlands
0.438232861772,0.303430079156,0.483540179696,1986,2.786975869,Netherlands
0.438232861772,0.538258575198,0.483540179696,1987,1.93124853,Netherlands
0.438232861772,0.45382585752,0.483540179696,1988,3.441218877,Netherlands
0.438232861772,0.45382585752,0.483540179696,1989,4.420118036,Netherlands
0.0,0.461741424802,0.0,1990,4.183222799,Netherlands
0.14492088703,0.4327176781,0.335712486355,1991,2.439134508,Netherlands
0.222071342617,0.519788918206,0.630363590562,1992,1.706070921,Netherlands
0.255215390627,0.741424802111,0.584180031909,1993,1.257552208,Netherlands
0.149615759218,0.817941952507,0.589218238307,1994,2.961092398,Netherlands
0.149232782067,0.799472295515,0.821815433706,1995,3.116035968,Netherlands
0.413216794229,0.598944591029,0.914686371652,1996,3.566719236,Netherlands
0.207510434669,0.416886543536,0.865311948946,1997,4.299867429,Netherlands
0.0914110083575,0.377308707124,1.0,1998,4.525415041,Netherlands
0.066128684211,0.0554089709763,0.702577882274,1999,5.051693368,Netherlands
0.173393391408,0.0211081794195,0.73742547653,2000,4.238763069,Netherlands
0.436974985954,0.0,0.73792929717,2001,2.124264345,Netherlands
0.533265550914,0.0527704485488,0.120832983458,2002,0.103629981,Netherlands
0.390176927668,0.12401055409,0.287597615249,2003,0.283922581,Netherlands
0.56662830415,0.12401055409,0.567553950794,2004,2.030706315,Netherlands
0.522246695607,0.0923482849604,0.574859350071,2005,2.160366002,Netherlands
0.603302740522,0.184696569921,0.245444621715,2006,3.518636961,Netherlands
0.635950084663,0.263852242744,0.252330170459,2007,3.698473106,Netherlands
0.832022722015,0.308707124011,0.350407255017,2008,1.699060778,Netherlands
0.634153785739,0.591029023747,0.243177428835,2009,-3.767583537,Netherlands
0.761165144802,0.770448548813,0.483499874045,2010,1.402662177,Netherlands
0.641908587048,0.883905013193,0.328994877823,2011,1.663626344,Netherlands
0.789580299811,1.0,0.389789235032,2012,-1.057037404,Netherlands
1.0,0.775725593668,0.149970610463,2013,-0.495377915,Netherlands
0.735729240986,0.691292875989,0.174825762029,2014,1.011128408,Netherlands
1.0,0.562005277045,1.0,2015,1.990584966,Netherlands
0.368304456311,0.863302875353,0.452449446461,1985,-1.211440375,South Africa
0.368304456311,1.0,0.452449446461,1986,0.017786895,South Africa
0.368304456311,0.855564777888,0.452449446461,1987,2.100777788,South Africa
0.368304456311,0.6597841921,0.452449446461,1988,4.200042663,South Africa
0.368304456311,0.77277650295,0.452449446461,1989,2.394859815,South Africa
0.368304456311,0.749041621188,0.452449446461,1990,-0.317783203,South Africa
0.368304456311,0.807745295189,0.452449446461,1991,-1.018308015,South Africa
0.368304456311,0.723199270115,0.452449446461,1992,-2.137041716,South Africa
0.368304456311,0.482471664238,0.452449446461,1993,1.233613398,South Africa
0.368304456311,0.437369190579,0.452449446461,1994,3.199999999,South Africa
0.368304456311,0.422422516347,0.452449446461,1995,3.100000005,South Africa
0.368304456311,0.345622601689,0.452449446461,1996,4.299999997,South Africa
0.0599616009452,0.417636337797,0.452449446461,1997,2.600000002,South Africa
0.0,0.318200155276,0.452449446461,1998,0.499999997,South Africa
0.0264362723379,0.219815259807,0.452449446461,1999,2.400000005,South Africa
0.327573475114,0.228933195015,0.0380944813939,2000,4.199999997,South Africa
0.275587062472,0.249949811886,0.0345554073706,2001,2.700000003,South Africa
0.188450745828,0.45042630394,0.0,2002,3.700374403,South Africa
0.501403042387,0.259045552875,0.100981119943,2003,2.949075466,South Africa
0.56254615271,0.0,0.202623921235,2004,4.554559908,South Africa
0.992615566386,0.11661676381,0.281881379091,2005,5.277051971,South Africa
0.687343080786,0.188554105304,0.347981612785,2006,5.585045962,South Africa
0.721606852754,0.330815834004,0.482578608894,2007,5.360474053,South Africa
1.0,0.587801857982,0.599669977109,2008,3.191043888,South Africa
0.274257864422,0.332644498123,0.362850885122,2009,-1.538089135,South Africa
0.339093191552,0.166591661735,0.701694210388,2010,3.039747085,South Africa
0.28193767538,0.209045979889,1.0,2011,3.212451755,South Africa
0.0977699010486,0.247151959418,0.89309745877,2012,2.219824006,South Africa
0.24176635652,0.23509005762,0.848792415146,2013,2.212354431,South Africa
0.339831634914,0.288940907934,0.795784326426,2014,1.548700635,South Africa
0.0796041943583,0.18546462837,0.548605339708,2015,1.283295722,South Africa
1.0,0.0,0.850665167751,1985,6.333356889,Japan
0.558941489307,0.0396699674592,0.757474771862,1986,2.831076641,Japan
0.408497216215,0.120498434904,0.627104579941,1987,4.107427064,Japan
0.304646425674,0.174735761766,0.599132739099,1988,7.146693707,Japan
0.366460823823,0.236460238107,0.639778901951,1989,5.370152519,Japan
0.409473622596,0.283297178815,0.893051205814,1990,5.572398299,Japan
0.345938966488,0.296004613816,1.0,1991,3.324340775,Japan
0.295195227668,0.348732795934,0.778446960572,1992,0.819029859,Japan
0.197847215432,0.395551970069,0.571861238256,1993,0.17106272,Japan
0.141215771334,0.445028090215,0.454455419096,1994,0.863578244,Japan
0.0898868627218,0.480237865437,0.353663106561,1995,1.942343422,Japan
0.182610683632,0.701884713845,0.217430873364,1996,2.610054629,Japan
0.259537685563,0.724137525689,0.183904815386,1997,1.595628588,Japan
0.321992656693,0.854800082825,0.163360903718,1998,-2.003147834,Japan
0.214912398898,0.902524803379,0.137650900667,1999,-0.199337319,Japan
0.176225874116,0.86957311022,0.122607671565,2000,2.257495302,Japan
0.262927296063,0.911532991786,0.106908643219,2001,0.355461715,Japan
0.287237112504,0.823478380178,0.0901255387457,2002,0.289548451,Japan
0.227679126507,0.923675861115,0.0832463395166,2003,1.685111722,Japan
0.178916163468,0.915328474398,0.0743328247009,2004,2.360730113,Japan
0.19167649089,0.994786734942,0.0599320110817,2005,1.302728144,Japan
0.229983747936,1.0,0.0579913808721,2006,1.692904245,Japan
0.239144436697,0.989498501853,0.0930699429856,2007,2.192186233,Japan
0.14847071012,0.905837439786,0.0972857945876,2008,-1.041636034,Japan
0.0868033713712,0.940542300164,0.0673867072994,2009,-5.526976489,Japan
0.050328520431,0.945696012093,0.0473112234803,2010,4.711386136,Japan
0.000104349494824,0.95424151686,0.0316657298643,2011,-0.454282297,Japan
0.0,0.913254115837,0.0166626515699,2012,1.742200425,Japan
0.112162024648,0.949067953094,0.0,2013,1.356716501,Japan
0.16475645672,1.01719227273,-0.0135844106641,2014,-0.031429266,Japan
0.259872580353,0.931327027615,1.25424931069,2015,0.472784704,Japan
0.870054901558,0.398528510116,0.628412988952,1985,1.623244589,France
1.0,0.205395462906,0.628412988952,1986,2.351242289,France
0.997351203084,0.481299816064,0.628412988952,1987,2.577322066,France
0.984817558229,0.334763948498,0.628412988952,1988,4.733954269,France
0.95951919415,0.362967504598,0.628412988952,1989,4.353231141,France
0.915546597858,0.426118945432,0.628412988952,1990,2.914009701,France
0.883311723601,0.123237277744,0.628412988952,1991,1.039105331,France
0.870966361563,0.74678111588,0.628412988952,1992,1.599671214,France
0.839591597451,0.16370324954,0.628412988952,1993,-0.612652833,France
0.78926873521,0.100551808706,0.628412988952,1994,2.345385593,France
0.750054559226,0.219497240956,0.945386381673,1995,2.085084537,France
0.73074701208,0.726548129982,0.462666237728,1996,1.388004028,France
0.677595628415,0.74678111588,0.482247557212,1997,2.337333404,France
0.645840019513,0.811771919068,0.429729402968,1998,3.556201252,France
0.603694622386,0.946045370938,0.53138513179,1999,3.407099149,France
0.510558814845,0.817903126916,1.0,2000,3.875162259,France
0.418659683086,0.362967504598,0.682335726412,2001,1.954449425,France
0.380994561194,0.874310239117,0.534049405835,2002,1.118456892,France
0.510661514564,0.0,0.572627350763,2003,0.81953167,France
0.529224488748,1.0,0.70682865409,2004,2.786424111,France
0.448519626344,0.573881054568,0.773197906831,2005,1.607713814,France
0.357133993179,0.298589822195,0.803375185935,2006,2.3749469,France
0.335220440667,0.145922746781,0.747584820289,2007,2.361498873,France
0.300529331468,0.407112201104,0.940694750813,2008,0.195294766,France
0.215091723686,0.705702023299,0.0,2009,-2.941341055,France
0.177191248272,0.371551195586,0.728376833765,2010,1.965657375,France
0.127167926878,0.556100551809,0.959530844228,2011,2.079229175,France
0.139748642438,0.426732066217,0.695844505896,2012,0.182693034,France
0.0,0.25444512569,0.501749291753,2013,0.576241547,France
-0.0285890342375,1.0,0.411749801872,2014,0.259494108,France
-0.0506352405527,1.0,0.287312978128,2015,1.155966989,France
0.0,0.539534081821,0.151745523657,1985,2.798085725,Italy
0.109938437614,0.539534081821,0.0162048614584,1986,2.859971884,Italy
0.182775372192,0.539534081821,0.0557167150145,1987,3.191960621,Italy
0.250718703409,0.539534081821,0.0265079523857,1988,4.194377269,Italy
0.301862565361,0.539534081821,0.0527158147444,1989,3.388383507,Italy
0.42014010258,0.539534081821,0.110233069921,1990,1.985774909,Italy
0.521810775914,0.642997202682,0.0693207962389,1991,1.538447548,Italy
0.574327842891,0.533867927314,0.0609182754826,1992,0.834275471,Italy
0.612952355136,0.661086398864,0.036610983295,1993,-0.852805758,Italy
0.649832718661,0.667836342705,0.0328098429529,1994,2.151023646,Italy
0.724930983072,1.0,0.0469140742223,1995,2.886836742,Italy
0.798563306535,0.521888635883,0.0832249674902,1996,1.286366437,Italy
0.820634456389,0.447200406964,0.0667200160048,1997,1.835365313,Italy
0.805686138833,0.430414654643,0.0,1998,1.616073187,Italy
0.826327015401,0.402300739916,0.0489146744023,1999,1.559850895,Italy
0.824265424481,0.664560896789,0.155646694008,2000,3.710107987,Italy
0.85435823174,0.474459628613,0.116634990497,2001,1.77218597,Italy
0.887111846658,0.432346499504,0.12133640092,2002,0.248546306,Italy
0.926164370858,0.468077315708,0.163749124737,2003,0.151323895,Italy
0.988939457709,0.60407187023,0.243973191958,2004,1.581936027,Italy
1.0,0.609355101325,0.391317395219,2005,0.949664837,Italy
0.886159520056,0.668509644141,0.503050915275,2006,2.00658763,Italy
0.840718917415,0.624564047016,0.580074022207,2007,1.473871503,Italy
0.745172381815,0.736514282373,0.844853456037,2008,-1.050405284,Italy
0.697670188254,0.0,0.484945483645,2009,-5.482053957,Italy
0.7023854533,0.643293953503,0.67100130039,2010,1.686523279,Italy
0.655978256993,0.73880524495,0.980494148244,2011,0.57662466,Italy
0.616900765428,0.527340975419,1.0,2012,-2.819019127,Italy
0.579692259404,0.37794429169,0.977993398019,2013,-1.748190439,Italy
0.571827539716,0.339475235066,0.869060718215,2014,-0.343160836,Italy
0.543874792236,0.271440750219,0.398619585876,2015,0.759532981,Italy
0.577170296574,0.234302732769,0.423152900805,1985,2.593384139,Mexico
0.577170296574,0.0,0.644969256851,1986,-3.753919881,Mexico
0.577170296574,0.155300929121,1.0,1987,1.855746992,Mexico
0.577170296574,0.122511952277,0.862442941043,1988,1.245438058,Mexico
0.577170296574,0.123829782526,0.129268896785,1989,4.198293259,Mexico
0.577170296574,0.129812815771,0.181010692479,1990,5.068306312,Mexico
0.577170296574,0.304443916596,0.149931769526,1991,4.222250716,Mexico
0.577170296574,0.281737908957,0.0942316715528,1992,3.628658714,Mexico
0.577170296574,0.308170408435,0.0494018512883,1993,4.061425854,Mexico
0.577170296574,0.277086992761,0.0277092200873,1994,4.727354829,Mexico
0.577170296574,0.206629335356,0.246005830075,1995,-5.75868238,Mexico
0.577170296574,0.35046812232,0.241165305078,1996,5.874766683,Mexico
0.0,0.597619744189,0.134085027084,1997,6.962888801,Mexico
0.0294755185893,0.533027093844,0.0974979294654,1998,4.701842416,Mexico
0.00578251252428,0.486160761909,0.102618733606,1999,2.667013147,Mexico
0.332951286014,0.49584151466,0.0474043989971,2000,5.296473838,Mexico
0.443623110227,0.658200299201,0.0230115008799,2001,-0.60549239,Mexico
0.515316279728,0.732028802099,0.0126438157747,2002,0.131917169,Mexico
0.575961588037,0.969955126423,0.0088830755745,2003,1.422671242,Mexico
0.823325579901,0.985549819073,0.00997438313442,2004,4.295714251,Mexico
0.520274529209,1.0,0.00452175910805,2005,3.032573659,Mexico
0.602891640366,0.901855740382,0.00172936324066,2006,4.944514348,Mexico
0.742962702579,0.662950140992,0.00435658839192,2007,3.204123017,Mexico
0.773534746228,0.317815720209,0.0133749532618,2008,1.40029037,Mexico
1.0,0.255042042163,0.0147172393595,2009,-4.700338863,Mexico
0.560316015996,0.0375309796652,0.0058351684393,2010,5.11019849,Mexico
0.60594181835,0.0154032451261,0.0,2011,4.044613879,Mexico
0.771065695035,0.159871843658,0.0054830461914,2012,4.018173869,Mexico
0.913135403819,0.104472693345,0.00310708919948,2013,1.34536242,Mexico
0.841753930983,-0.0164723923285,0.00475970205802,2014,2.250316467,Mexico
0.90792327719,-0.21686488846,-0.0053476259266,2015,2.546869971,Mexico
0.157145782146,0.50069835768,0.159395106373,1985,2.321435858,Spain
0.0211916461916,0.50069835768,0.00713849621941,1986,3.253321719,Spain
0.0664414414414,0.50069835768,0.0560865073029,1987,5.547122621,Spain
0.0268222768223,0.50069835768,0.0182689146668,1988,5.094324229,Spain
0.0554873054873,0.50069835768,0.0619452402198,1989,4.8270303,Spain
0.103194103194,0.50069835768,0.118607053961,1990,3.781393447,Spain
0.0685913185913,0.44692738382,0.0833137650871,1991,2.546000579,Spain
0.0564086814087,0.558659229762,0.0720776781102,1992,0.929215423,Spain
0.0340909090909,0.804469269603,0.0474216878786,1993,-1.031491774,Spain
0.035217035217,0.888268154059,0.032487202367,1994,2.383195323,Spain
0.0528255528256,0.821229110181,0.0471516460809,1995,2.757494028,Spain
0.0885544635545,0.78770953517,0.0905931526793,1996,2.674639067,Spain
0.0669533169533,0.70949726424,0.0724299065421,1997,3.689613998,Spain
0.0,0.592178804773,0.0,1998,4.305978447,Spain
0.0531326781327,0.418994422335,0.0557695017142,1999,4.484901183,Spain
0.157248157248,0.3240223639,0.186669327948,2000,5.289093179,Spain
0.117936117936,0.128491633503,0.134469074344,2001,4.001069225,Spain
0.124385749386,0.17877099602,0.137369088433,2002,2.879762121,Spain
0.167178542179,0.173184382494,0.195827267177,2003,3.187571476,Spain
0.248054873055,0.156424594988,0.317346076175,2004,3.166746501,Spain
0.396601146601,0.0502793626288,0.493448551167,2005,3.723102943,Spain
0.503583128583,0.0111732271639,0.606267317898,2006,4.174119116,Spain
0.582104832105,0.0,0.679436904147,2007,3.768895263,Spain
0.850327600328,0.173184382494,1.0,2008,1.115972755,Spain
0.491195741196,0.541899495328,0.555041562955,2009,-3.57381203,Spain
0.676085176085,0.659217954796,0.762985488189,2010,0.013786544,Spain
0.989967239967,0.743016839252,0.946672615414,2011,-1.000080488,Spain
1.0,0.938547569649,0.936070539614,2012,-2.620308512,Spain
0.972256347256,1.0,0.980580472456,2013,-1.671971848,Spain
0.872952497952,0.910614608163,0.924235664303,2014,1.360673017,Spain
0.386056511057,1.0,0.403090217442,2015,3.214286402,Spain
0.472934472933,0.605103504069,0.162776780371,1985,2.509556558,Greece
0.472934472933,0.605103504069,0.0115699182126,1986,0.517660103,Greece
0.472934472933,0.663381990519,0.0617394773589,1987,-2.258863527,Greece
0.472934472933,0.710629849032,0.0287253141831,1988,4.28786171,Greece
0.472934472933,0.727028716259,0.0545581488131,1989,3.799999997,Greece
0.472934472933,0.919145493989,0.10732096549,1990,0.0,Greece
0.472934472933,1.0,0.0671254737682,1991,3.099999982,Greece
0.472934472933,0.967275802332,0.0595451825254,1992,0.700000012,Greece
0.472934472933,0.960657425305,0.0342110512667,1993,-1.600000003,Greece
0.472934472933,0.911387285511,0.0350089766607,1994,2.000000007,Greece
0.472934472933,0.717615913524,0.0486734490325,1995,2.099719767,Greece
0.472934472933,0.625326322615,0.0839816477159,1996,2.862128846,Greece
0.472934472933,0.535242857822,0.0677239178137,1997,4.484199148,Greece
0.472934472933,0.519432290186,0.0,1998,3.894904772,Greece
0.472934472933,0.362429679753,0.049670855775,1999,3.072596664,Greece
0.472934472933,0.244034268644,0.152503490924,2000,3.919770772,Greece
0.472934472933,0.0793837555748,0.115300219429,2001,4.131612076,Greece
0.472934472933,0.0276868772287,0.123877917415,2002,3.922871842,Greece
1.0,0.0,0.154697785757,2003,5.794531264,Greece
1.0,0.391975517125,0.228106922003,2004,5.060992565,Greece
1.0,0.391975517125,0.385697187313,2005,0.599142055,Greece
1.0,0.391975517125,0.491821264712,2006,5.65243372,Greece
1.0,0.391975517125,0.581188908837,2007,3.273746857,Greece
0.296296296296,0.391975517125,0.81727508478,2008,-0.335172557,Greece
0.296296296296,0.391975517125,0.483143826052,2009,-4.300733667,Greece
0.296296296296,0.391975517125,0.671354478356,2010,-5.479037108,Greece
0.0,1.0,0.974965090764,2011,-9.132494153,Greece
0.0,1.0,1.0,2012,-7.300493935,Greece
0.111111111111,1.0,0.9570117694,2013,-3.198239636,Greece
0.0740740740741,1.0,0.836724516258,2014,0.653982658,Greece
0.0740740740741,1.0,0.375623379214,2015,-0.231571523,Greece
0.55330046773,0.795684285938,0.371868707553,1985,3.536693192,Finland
0.55330046773,0.638624596176,0.371868707553,1986,2.726138081,Finland
0.55330046773,0.617808267993,0.371868707553,1987,3.559095975,Finland
0.55330046773,0.713405528885,0.371868707553,1988,5.209858683,Finland
0.55330046773,0.784141582611,0.371868707553,1989,5.087701647,Finland
0.55330046773,0.938438915586,0.371868707553,1990,0.675783494,Finland
0.55330046773,0.960636421985,0.371868707553,1991,-5.914425874,Finland
0.55330046773,1.0,0.0766868024982,1992,-3.32462938,Finland
0.55330046773,0.737773458093,0.0518071055595,1993,-0.734493304,Finland
0.55330046773,0.500112156246,0.0407494624757,1994,3.93926095,Finland
0.623399777882,0.480677006277,0.0514999488072,1995,4.207130673,Finland
0.401482663321,0.29214618526,0.0910207842736,1996,3.658833063,Finland
0.531596686365,0.189939000161,0.0679840278489,1997,6.251807841,Finland
0.38771068539,0.196548924368,0.0,1998,5.428512567,Finland
0.392547220104,0.120680807163,0.0564144568445,1999,4.444134273,Finland
1.0,0.227064083014,0.15695710044,2000,5.634847452,Finland
0.354943066799,0.248743647597,0.109450189413,2001,2.580792075,Finland
0.300025045283,0.134016485361,0.119893518993,2002,1.680325089,Finland
0.343956454973,0.0522158049414,0.152759291492,2003,1.993984087,Finland
0.494988506843,0.0,0.238456025392,2004,3.926057175,Finland
0.708841437255,0.532320492755,0.392341558309,2005,2.779955031,Finland
0.78498999146,0.532320492755,0.517763898843,2006,4.055197444,Finland
0.748598760824,0.532320492755,0.590560049145,2007,5.184800809,Finland
0.873924728048,0.532320492755,0.839459404116,2008,0.720668487,Finland
0.0,0.532320492755,0.493600900993,2009,-8.269036558,Finland
0.839894263308,0.532320492755,0.678816422648,2010,2.992337502,Finland
0.904949898122,1.0,0.98730418757,2011,2.570817745,Finland
0.64413278142,1.0,1.0,2012,-1.42618936,Finland
0.479925386292,1.0,0.970308180608,2013,-0.758036295,Finland
0.454568153366,1.0,0.867513054162,2014,-0.698309888,Finland
0.348834315274,1.0,0.373502610832,2015,0.546055314,Finland
0.189015598516,0.746861075299,0.562306124172,1985,2.32793522,Germany
0.0660637043175,0.101153704864,0.474821173786,1986,2.287339269,Germany
0.00484991490595,0.382723547937,0.410014160413,1987,1.402151574,Germany
0.0,0.677726553027,0.442103904348,1988,3.707235669,Germany
0.252850963548,0.933640391208,0.741937181986,1989,3.896551724,Germany
0.513435575075,0.654183237291,0.889299295062,1990,5.255006086,Germany
0.650281819733,0.762210142442,0.970868252526,1991,5.108261508,Germany
0.828286801335,0.678069784366,1.0,1992,1.923807011,Germany
0.711233451692,0.451402502537,0.760940104197,1993,-0.956165307,Germany
0.495084545574,0.537670976288,0.553252933986,1994,2.45737182,Germany
0.411456285998,0.745296190336,0.463706313848,1995,1.737640631,Germany
0.265696683885,0.463949011691,0.331761708581,1996,0.817897617,Germany
0.125966706155,0.556146449343,0.333912978734,1997,1.84920067,Germany
0.10800891346,0.423050917541,0.357487350021,1998,1.979618407,Germany
0.0756324552461,0.399203512934,0.295028770711,1999,1.987134949,Germany
0.204745051925,0.901577396487,0.448658179124,2000,2.962045368,Germany
0.264385896625,0.618690835462,0.434676644143,2001,1.695471452,Germany
0.215362432976,0.469050937739,0.333223711777,2002,0.0,Germany
0.326968148074,0.503449227918,0.227260211281,2003,-0.709906172,Germany
0.326968148074,0.654921213731,0.202828881529,2004,1.169970413,Germany
0.326968148074,0.741027886311,0.211256482355,2005,0.706713948,Germany
0.326968148074,0.75054935905,0.307476557636,2006,3.700159572,Germany
0.326968148074,0.73755335925,0.436378836652,2007,3.260535297,Germany
0.326968148074,0.844277307671,0.474738672576,2008,1.082315404,Germany
0.326968148074,0.0,0.10839081088,2009,-5.618860435,Germany
0.326968148074,0.813662220256,0.063493835046,2010,4.079933305,Germany
1.0,1.0,0.125842129492,2011,3.660000155,Germany
1.0,0.662217277353,0.0379179327653,2012,0.405170675,Germany
1.0,0.424530350979,0.0,2013,0.297847586,Germany
1.0,0.398152886456,-0.00115452215326,2014,1.599770392,Germany
1.0,0.346304324134,-0.0258188312358,2015,1.687723781,Germany
0.47601168127,0.516961652212,0.156787376087,1985,1.651792863,Belgium
0.47601168127,0.330752212389,0.0224559983815,1986,1.822762124,Belgium
0.47601168127,0.233038348053,0.0587699777463,1987,2.306659419,Belgium
0.47601168127,0.19616519177,0.0291321060085,1988,4.72320892,Belgium
0.47601168127,0.387905604425,0.0539146267449,1989,3.469166821,Belgium
0.47601168127,0.557522123894,0.0924539753186,1990,3.137402435,Belgium
0.47601168127,0.546460176991,0.0747521747926,1991,1.833074292,Belgium
0.47601168127,0.557522123894,0.0623103378515,1992,1.53065481,Belgium
0.47601168127,0.452433628319,0.0391462674489,1993,-0.961873081,Belgium
0.47601168127,0.240412979381,0.0347966821768,1994,3.22697146,Belgium
0.47601168127,0.151917404159,0.0502731134938,1995,2.38475722,Belgium
0.47601168127,0.0412979351327,0.0865870928586,1996,1.593157057,Belgium
0.47601168127,0.0320796460177,0.0675703014364,1997,3.710549475,Belgium
0.47601168127,0.0486725663717,0.0,1998,1.97544848,Belgium
0.0,0.000737463097345,0.0542180861825,1999,3.563040036,Belgium
0.0780141843972,0.11320059,0.160833501922,2000,3.633817208,Belgium
0.0992907801418,0.155604719735,0.12371029739,2001,0.811463997,Belgium
0.0673758865248,0.0892330383186,0.125227594578,2002,1.780452149,Belgium
0.166666666667,0.016592920354,0.159316204734,2003,0.774536137,Belgium
0.265957446809,0.0,0.236496055027,2004,3.634800822,Belgium
0.351063829787,0.00184365778761,0.385292332592,2005,2.094221518,Belgium
0.36170212766,0.0700589970796,0.496560793041,2006,2.499464447,Belgium
0.414893617021,0.165560471947,0.590532065547,2007,3.397471914,Belgium
0.524822695035,0.22197640115,0.850091037831,2008,0.747103204,Belgium
0.570921985816,0.247787610619,0.503742666397,2009,-2.284879004,Belgium
0.652482269504,0.290496897568,0.6846044912,2010,2.694825538,Belgium
0.751773049645,1.0,0.996661946187,2011,1.796837889,Belgium
0.815602836879,1.0,1.0,2012,0.158656858,Belgium
1.0,1.0,0.975925551285,2013,0.003056057,Belgium
1.07092198582,1.0,0.875177018005,2014,1.295473353,Belgium
0.900709219858,1.0,0.401375682784,2015,1.373937182,Belgium
0.583260484265,0.256150839273,0.482093659036,1985,3.08561493,Ireland
0.583260484265,0.292940905955,0.482093659036,1986,-0.428330464,Ireland
0.583260484265,0.475741549782,0.482093659036,1987,4.663091081,Ireland
0.583260484265,0.505633478961,0.482093659036,1988,5.2174142,Ireland
0.583260484265,0.387215451828,0.482093659036,1989,5.813919646,Ireland
0.583260484265,0.52057944355,0.482093659036,1990,8.46652798,Ireland
0.583260484265,0.579213612325,1.0,1991,1.929639512,Ireland
0.583260484265,0.313635318464,0.933884282594,1992,3.34327422,Ireland
0.000403270330346,0.602207404001,0.983471090277,1993,2.692609176,Ireland
0.0,0.62290181651,0.900826463147,1994,5.755826972,Ireland
0.0184352151015,0.91262359163,0.685950401206,1995,9.634422303,Ireland
0.107457140525,0.863186939526,0.661156997365,1996,9.269006856,Ireland
0.192777620417,0.666590020694,0.537190056671,1997,11.17799966,Ireland
0.311223877444,1.0,0.330578488765,1998,8.913179803,Ireland
0.422440073549,0.522878822718,0.17355372879,1999,10.76204293,Ireland
0.552830813694,0.526327891469,0.0495867880958,2000,10.22875255,Ireland
0.652779444735,0.552770751897,0.0,2001,5.833502806,Ireland
0.669745603633,0.534375718556,0.0413222938126,2002,5.936680162,Ireland
0.69930435868,0.381467003909,0.0661156977365,2003,3.842196192,Ireland
0.660489589384,0.238905495516,0.0661156977365,2004,4.40513207,Ireland
0.671641934353,0.00425385146011,0.0495867880958,2005,6.334125561,Ireland
0.803741772565,0.0,0.0578512428748,2006,6.309729023,Ireland
0.873978021767,0.0106921131295,0.0743801525982,2007,5.542750825,Ireland
0.929898174242,0.0239135433433,0.19008263843,2008,-2.162410157,Ireland
0.895624996999,0.151529087146,0.685950401206,2009,-5.63836661,Ireland
1.0,0.146930328811,0.842975161347,2010,0.398613832,Ireland
0.882499507914,0.0986433662911,0.900826463147,2011,2.588084299,Ireland
0.856714210958,0.100942745459,0.909090878753,2012,0.151117554,Ireland
0.828086818341,0.092894918372,0.776859522453,2013,1.434302453,Ireland
0.801658209192,0.105541503794,0.652892581759,2014,5.199368895,Ireland
1.0,0.157277535066,1.0,2015,7.811395995,Ireland
0.45250596841,0.169196963644,0.0,1985,2.80743958,Portugal
0.45250596841,0.0398521773871,0.0191473643776,1986,4.14095568,Portugal
0.45250596841,0.0652217339193,0.0271646382199,1987,6.38139388,Portugal
0.0,0.0340591290451,0.0346590504437,1988,7.489108075,Portugal
0.0347460324832,0.0585297642829,0.0471684442911,1989,6.440638915,Portugal
0.104798469499,0.105273671594,0.0591019939507,1990,3.950523355,Portugal
0.103265191143,0.0742109468638,0.0760533127341,1991,4.368206427,Portugal
0.146088489008,0.0581302437076,0.0969412545281,1992,1.089476463,Portugal
0.0853276116767,0.0378545745106,0.113499594867,1993,-2.043277047,Portugal
0.134816954675,0.0350579304834,0.126573859014,1994,0.964838243,Portugal
0.238863879159,0.0500399520575,0.1630589656,1995,4.282780392,Portugal
0.235214590872,0.0813024370755,0.185447980903,1996,3.496682944,Portugal
0.241854520236,0.0673192169397,0.203668087747,1997,4.426211791,Portugal
0.255233227446,0.0,0.220904497688,1998,4.791770763,Portugal
0.260555628357,0.0516380343588,0.241807910014,1999,3.888213351,Portugal
0.257353053894,0.15970834998,0.257628656748,2000,3.787494022,Portugal
0.252695166213,0.11795844986,0.274486923629,2001,1.943304636,Portugal
0.28627225633,0.120455453456,0.303284172087,2002,0.768796844,Portugal
0.402264795521,0.164902117459,0.338518391561,2003,-0.934206327,Portugal
0.644007408404,0.256492209349,0.352916870339,2004,1.81158365,Portugal
0.534290994189,0.396823811426,0.366193732215,2005,0.766785017,Portugal
0.652163315477,0.504994007191,0.450946973654,2006,1.553052692,Portugal
0.800941296091,0.579504594487,0.537656628278,2007,2.492002475,Portugal
0.892891208682,0.865161805833,0.835227255872,2008,0.199272251,Portugal
0.641980070292,0.502197363164,0.84852814322,2009,-2.978104284,Portugal
0.741679410901,0.668397922493,0.906260466656,2010,1.898691753,Portugal
0.938106996226,1.0,0.993381981066,2011,-1.826852906,Portugal
0.9101552292,0.998801438274,1.0,2012,-4.028256714,Portugal
1.0,0.974131042749,0.902898875701,2013,-1.130155829,Portugal
1.02008335159,0.879045145825,0.895804323613,2014,0.905794225,Portugal
0.854517967902,0.411805833,0.923289860995,2015,1.454463805,Portugal
0.0,0.0130792227205,0.771653183463,1985,5.254299224,India
0.0,0.0165103954342,0.771653183463,1986,4.77656417,India
0.0,0.0199075961408,0.771653183463,1987,3.965355634,India
0.0,0.0120600625085,0.771653183463,1988,9.627782919,India
0.0,0.00818725370295,0.771653183463,1989,5.947343329,India
0.0,0.0,0.771653183463,1990,5.533454563,India
0.0,0.0067264573991,0.901574647865,1991,1.056831432,India
0.0,0.0132490827558,1.0,1992,5.482396022,India
0.0,0.030778638402,0.748031099026,1993,4.750776219,India
0.0,0.0630520451148,0.606298592405,1994,6.658924067,India
0.0,0.0586356841962,0.673227831328,1995,7.574491841,India
0.0,0.0654300856095,0.720472000201,1996,7.549522248,India
0.0,0.0773202880826,0.519684282489,1997,4.049820849,India
0.0,0.0847941296372,0.492125184609,1998,6.184415821,India
0.0,0.103139013453,0.397636846862,1999,8.845755561,India
0.0,0.120464737057,0.374014762425,2000,3.840991157,India
0.0,0.14764234271,0.354329691431,2001,4.823966264,India
0.0,0.224079358609,0.33858163577,2002,3.803975321,India
0.0,0.334148661503,0.295274480339,2003,7.860381475,India
0.0,0.429270281288,0.244093298023,2004,7.922936613,India
0.0,0.449653485528,0.228345241417,2005,9.284831507,India
0.0,0.585541513793,0.269683889181,2006,9.263958898,India
0.0,0.921864383748,0.442912508069,2007,8.608212487,India
0.0,0.853920369615,0.470471606894,2008,3.890957062,India
0.0,0.949041989401,0.364172226928,2009,8.479786622,India
0.0,1.0,0.0,2010,10.25996299,India
1.0,0.996602799293,0.173227044712,2011,6.63835345,India
0.170896356573,1.0,0.214565692477,2012,5.618562773,India
0.925264795316,0.993205598587,0.185038086931,2013,6.638812736,India
1.0,1.08493001767,0.181101072543,2014,7.243471746,India
-2.09616115189,1.18005163745,0.158266390606,2015,7.570130368,India
0.375000007076,0.475928576084,0.361858967547,1985,3.292841386,Iceland
0.375000007076,0.475928576084,0.361858967547,1986,6.270541957,Iceland
0.375000007076,0.475928576084,0.361858967547,1987,8.545939755,Iceland
0.375000007076,0.475928576084,0.0593897173324,1988,-0.089726032,Iceland
0.375000007076,0.475928576084,0.00959185787931,1989,0.258439856,Iceland
0.375000007076,0.475928576084,0.0580394623939,1990,1.169370334,Iceland
0.0892857158004,0.475928576084,0.0729601222166,1991,-0.223525511,Iceland
0.410714326789,0.475928576084,0.0618965597987,1992,-3.373894145,Iceland
0.58928575839,0.475928576084,0.0,1993,1.313449468,Iceland
0.58928575839,0.475928576084,0.0230266955762,1994,3.608857925,Iceland
0.517857168607,0.475928576084,0.0752643089954,1995,0.11658371,Iceland
0.303571442293,0.475928576084,0.129604843693,1996,4.785062433,Iceland
0.339285737006,0.475928576084,0.125474934101,1997,4.913189617,Iceland
0.125000010692,0.0,0.212240690406,1998,6.520021855,Iceland
0.0,0.0148360311008,0.180904152889,1999,4.163206319,Iceland
0.0535714209088,0.0396959820111,0.230995291772,2000,4.723636719,Iceland
0.0535714209088,0.118745621043,0.174135789048,2001,3.762633493,Iceland
0.23214285251,0.142381193548,0.173049726725,2002,0.45335828,Iceland
0.250000021205,0.124815269746,0.276600487356,2003,2.741825062,Iceland
0.196428557797,0.171969523295,0.442565976154,2004,8.220327655,Iceland
0.107142841996,0.242548348336,0.679643184125,2005,5.960358031,Iceland
0.178571431601,0.35027241674,0.869187675844,2006,4.20637027,Iceland
0.0535714209088,0.354797070461,1.0,2007,9.492910314,Iceland
0.178571431601,0.622084422829,0.901922473189,2008,1.478781618,Iceland
0.928571410217,0.659893204145,0.422184499443,2009,-4.681171587,Iceland
1.0,0.795788233706,0.480301338731,2010,-3.588668391,Iceland
0.9107142842,0.940273234981,0.654713387344,2011,1.98812081,Iceland
0.714285726403,1.0,0.640885667936,2012,1.182931611,Iceland
0.642857136798,0.943824111273,0.687199116347,2013,3.895970473,Iceland
0.535714294802,0.958515459373,0.753239628984,2014,1.826660454,Iceland
1.0,1.08627424693,0.737033503035,2015,3.957122201,Iceland
0.975455839706,1.0,0.214825442136,1985,1.614979362,New Zealand
0.488845290034,0.913401324029,0.280921855168,1986,2.705658251,New Zealand
0.57716623263,0.860619073179,0.20726332581,1987,0.959166655,New Zealand
0.434671066409,0.674956521739,0.340643905908,1988,-0.345394335,New Zealand
0.577320350904,0.654440508141,0.438387914047,1989,0.155216538,New Zealand
0.455553610105,0.626945786366,0.469951551488,1990,0.13648455,New Zealand
0.270421834157,0.459831812489,0.515769225071,1991,-1.087749889,New Zealand
0.380758462997,0.33756786545,0.461296997773,1992,1.116603278,New Zealand
0.412922565901,0.232540060834,0.514750867974,1993,6.416388255,New Zealand
0.0244831731282,0.282399928431,0.53321513411,1994,5.108313057,New Zealand
0.133114568326,0.293016067275,0.384526602233,1995,4.59200921,New Zealand
0.225945174113,0.301246448381,0.650278788837,1996,3.636623223,New Zealand
0.19890544034,0.250969189479,1.0,1997,1.975315838,New Zealand
0.266948191073,0.186258722491,0.7024426742,1998,0.608706759,New Zealand
0.305884504832,0.195204866702,0.496509830455,1999,5.511655183,New Zealand
0.67568244181,0.226695294328,0.396662435859,2000,2.767282965,New Zealand
0.52144026396,0.193833100734,0.344329647427,2001,3.435868391,New Zealand
0.240969491793,0.203435319377,0.271649965676,2002,4.87389869,New Zealand
0.156497382681,0.156140060834,0.114902485641,2003,4.636573433,New Zealand
0.382373378762,0.170394274468,0.0402833818148,2004,3.809179261,New Zealand
0.527745250161,0.156736446592,0.00369512502284,2005,3.400547676,New Zealand
0.571741980315,0.149996994096,0.0,2006,2.925975851,New Zealand
0.44498932293,0.184648416532,0.533890252515,2007,2.864627982,New Zealand
1.0,0.171467740204,0.968432905478,2008,-1.309300019,New Zealand
0.0,0.12679663625,0.891618555632,2009,-0.537631643,New Zealand
0.459656050668,0.137293469315,0.837837250535,2010,1.37039191,New Zealand
0.531713021313,0.0901771336554,0.655123146141,2011,2.69189097,New Zealand
0.136614094139,0.0,0.517179219984,2012,2.736603777,New Zealand
0.400470672638,0.0292240472356,0.38148338379,2013,1.579084705,New Zealand
0.272057849145,0.0443132581857,0.474463041342,2014,3.172835807,New Zealand
0.0404111316963,-0.0187272857398,0.518587239423,2015,3.39302765,New Zealand
0.42974279452,0.469541112998,0.693452373584,1985,3.673595911,Switzerland
0.42974279452,0.469541112998,0.693452373584,1986,1.858632798,Switzerland
0.42974279452,0.469541112998,0.693452373584,1987,1.585478169,Switzerland
0.42974279452,0.469541112998,0.693452373584,1988,3.277596235,Switzerland
0.42974279452,0.469541112998,0.693452373584,1989,4.330794056,Switzerland
0.42974279452,0.469541112998,0.693452373584,1990,3.674625648,Switzerland
0.42974279452,0.469541112998,0.0,1991,-0.91581658,Switzerland
0.42974279452,0.469541112998,0.392857115306,1992,-0.043732994,Switzerland
0.42974279452,0.469541112998,0.714285726531,1993,-0.125983535,Switzerland
0.42974279452,0.469541112998,0.749999978571,1994,1.269757686,Switzerland
0.42974279452,0.469541112998,0.571428546939,1995,0.480866434,Switzerland
0.42974279452,0.469541112998,0.714285726531,1996,0.601093571,Switzerland
0.42974279452,0.469541112998,0.857142820765,1997,2.312047342,Switzerland
0.42974279452,0.469541112998,0.678571389133,1998,2.944772466,Switzerland
0.42974279452,0.469541112998,0.4999999575,1999,1.64337202,Switzerland
0.42974279452,0.289286771779,0.357142863265,2000,3.946102508,Switzerland
0.42974279452,0.534476030718,0.285714273469,2001,1.446594802,Switzerland
0.42974279452,0.552798378109,0.428571452704,2002,0.143394375,Switzerland
0.385217683858,0.49458543709,0.857142820765,2003,0.049708149,Switzerland
0.633672928717,0.468740415553,0.928571495561,2004,2.842948357,Switzerland
0.643696586496,0.159387065301,0.964285747602,2005,3.038305348,Switzerland
0.762955572846,0.0,0.821428568367,2006,4.012785508,Switzerland
0.814347554626,0.0,0.678571389133,2007,4.140348369,Switzerland
1.0,0.27830170748,0.607142884337,2008,2.277240085,Switzerland
0.0,0.961177240078,0.857142820765,2009,-2.129618511,Switzerland
0.396833634303,1.0,1.0,2010,2.953816768,Switzerland
0.268813483909,0.67523917412,0.821428568367,2011,1.804553915,Switzerland
0.288447515597,0.634661160749,0.892857072806,2012,1.124629311,Switzerland
0.380060648599,0.49256896912,0.964285747602,2013,1.768830561,Switzerland
0.237076872734,0.501894345045,1.0,2014,1.889476944,Switzerland
-0.22446615293,1.0,1.0,2015,0.909636998,Switzerland
0.5,0.546547575647,0.347817358931,1985,3.447822576,Israel
0.5,0.546547575647,0.347817358931,1986,4.791433174,Israel
0.5,0.546547575647,0.347817358931,1987,7.18768721,Israel
0.5,0.546547575647,0.347817358931,1988,2.024141176,Israel
0.5,0.546547575647,0.347817358931,1989,0.869138099,Israel
0.5,0.0,0.347817358931,1990,6.835469822,Israel
0.5,0.0456061372252,0.347817358931,1991,7.699379036,Israel
0.5,0.105023226277,0.347817358931,1992,5.627795094,Israel
0.5,0.158280040298,0.347817358931,1993,5.556872143,Israel
0.5,0.220578520496,0.347817358931,1994,6.931825872,Israel
0.5,0.296390028969,0.347817358931,1995,6.600000011,Israel
0.5,0.348851857514,0.347817358931,1996,6.157496051,Israel
0.5,0.366836091086,0.347817358931,1997,4.082162986,Israel
0.5,0.396643812794,0.347817358931,1998,4.251809192,Israel
0.5,0.411746498418,0.347817358931,1999,3.737087569,Israel
0.5,0.521240929992,0.347817358931,2000,8.942023062,Israel
0.5,0.46182384094,0.347817358931,2001,0.241579639,Israel
0.5,0.440362212318,0.347817358931,2002,-0.068274778,Israel
0.5,0.436884660465,0.347817358931,2003,1.177134261,Israel
0.5,0.514285826287,0.347817358931,2004,5.114051717,Israel
0.5,0.574933182804,0.347817358931,2005,4.389914718,Israel
0.5,0.688480315485,0.347817358931,2006,5.801808363,Israel
0.5,0.763688607168,0.347817358931,2007,6.135078996,Israel
0.5,0.863610127833,0.128002043945,2008,3.059407048,Israel
0.5,0.773841214587,0.713426162494,2009,1.268661904,Israel
0.5,0.889391961552,1.0,2010,5.517022935,Israel
0.0,0.924256857142,0.308903934594,2011,5.030189584,Israel
1.0,1.0,0.0,2012,2.85774521,Israel
1.0,0.982767474588,0.254969340828,2013,3.353203071,Israel
1.0,0.99211913806,0.0294200306592,2014,2.599679423,Israel
1.0,1.03259440453,1.0,2015,2.488076224,Israel
0.571755475183,0.368304456311,0.616564060487,1985,7.945861749,Brazil
0.571755475183,0.368304456311,0.616564060487,1986,7.988295105,Brazil
0.571755475183,0.368304456311,0.616564060487,1987,3.599629467,Brazil
0.571755475183,0.368304456311,0.616564060487,1988,-0.102672718,Brazil
0.571755475183,0.368304456311,0.616564060487,1989,3.279458858,Brazil
0.571755475183,0.368304456311,0.616564060487,1990,-3.102355949,Brazil
0.571755475183,0.368304456311,0.616564060487,1991,1.511937238,Brazil
0.571755475183,0.368304456311,0.616564060487,1992,-0.46691321,Brazil
0.571755475183,0.368304456311,0.0,1993,4.665168989,Brazil
0.571755475183,0.368304456311,0.170633069192,1994,5.334551702,Brazil
0.571755475183,0.368304456311,0.330250462584,1995,4.416731354,Brazil
0.571755475183,0.368304456311,0.377257659418,1996,2.207535524,Brazil
0.571755475183,0.0599616009452,0.400024981356,1997,3.39502864,Brazil
0.571755475183,0.0,0.415503625358,1998,0.338356177,Brazil
0.571755475183,0.0264362723379,0.442501858294,1999,0.469066589,Brazil
0.571755475183,0.327573475114,0.458387673905,2000,4.112564911,Brazil
0.571755475183,0.275587062472,0.484177862355,2001,1.657817967,Brazil
0.571755475183,0.188450745828,0.524198851592,2002,3.05316092,Brazil
0.571755475183,0.501403042387,0.587272489037,2003,1.140319046,Brazil
0.571755475183,0.56254615271,0.61622637027,2004,5.760880726,Brazil
0.571755475183,0.992615566386,0.64169204601,2005,3.202051527,Brazil
0.571755475183,0.687343080786,0.665021448453,2006,3.960502029,Brazil
0.0,0.721606852754,0.689755439874,2007,6.07228369,Brazil
0.284678757323,1.0,0.736380568914,2008,5.093767012,Brazil
0.29047736405,0.274257864422,0.784775210658,2009,-0.126147415,Brazil
0.571755475183,0.339093191552,0.841146742199,2010,7.528797381,Brazil
0.47580637262,0.28193767538,0.893147148758,2011,3.910255348,Brazil
0.810220378137,0.0977699010486,0.94599924811,2012,1.915458623,Brazil
1.0,0.24176635652,1.0,2013,3.015140511,Brazil
1.1411054541,0.339831634914,1.05177018622,2014,0.103371359,Brazil
1.1411054541,0.0796041943583,1.12485044862,2015,-3.847362495,Brazil
0.368304456311,0.560606040376,0.593718105523,1985,13.5533294,China
0.368304456311,0.560606040376,0.593718105523,1986,8.925791386,China
0.368304456311,0.560606040376,0.593718105523,1987,11.7198666,China
0.368304456311,0.560606040376,0.593718105523,1988,11.30063966,China
0.368304456311,0.560606040376,0.593718105523,1989,4.214559386,China
0.368304456311,0.560606040376,0.593718105523,1990,3.933823529,China
0.368304456311,1.0,0.593718105523,1991,9.267775026,China
0.368304456311,0.545454604545,0.593718105523,1992,14.27646488,China
0.368304456311,0.454545612727,0.0,1993,13.93767705,China
0.368304456311,0.454545612727,0.0,1994,13.07807061,China
0.368304456311,0.636363597273,0.00671293798924,1995,10.99384345,China
0.368304456311,0.72727259,0.425732129799,1996,9.924722663,China
0.0599616009452,0.72727259,0.664747352452,1997,9.226887728,China
0.0,0.818181581818,0.623630607268,1998,7.853489523,China
0.0264362723379,0.818181581818,0.687683223915,1999,7.618173474,China
0.327573475114,0.636363597273,0.62166600736,2000,8.42928216,China
0.275587062472,0.636363597273,0.627406634887,2001,8.298374411,China
0.188450745828,0.545454604545,0.794790547011,2002,9.090909091,China
0.501403042387,0.454545612727,0.464764401183,2003,10.01997337,China
0.56254615271,0.454545612727,0.605456393208,2004,10.07564297,China
0.992615566386,0.272727194545,0.736724965336,2005,11.35239142,China
0.687343080786,0.181818201818,0.719106832945,2006,12.6882251,China
0.721606852754,0.0,0.645161290323,2007,14.19496167,China
1.0,0.545454604545,0.805210918114,2008,9.623377486,China
0.274257864422,0.545454604545,0.796277649246,2009,9.233551095,China
0.339093191552,0.363636186364,1.0,2010,10.63170823,China
0.28193767538,0.454545612727,0.791067130712,2011,9.484506202,China
0.0977699010486,0.636363597273,0.717121588089,2012,7.750297593,China
0.24176635652,0.72727259,0.681143437104,2013,7.68380997,China
0.339831634914,0.818181581818,0.647394274557,2014,7.268513241,China
0.0796041943583,1.0,1.0,2015,6.9,China
0.49797181749,0.307692307692,0.0,1985,-0.687041063,Singapore
0.49797181749,0.307692307692,0.138895797065,1986,1.327634019,Singapore
0.49797181749,0.307692307692,0.331167619995,1987,10.75688114,Singapore
0.49797181749,0.307692307692,0.536433722954,1988,11.11518875,Singapore
0.49797181749,0.307692307692,0.697028102462,1989,10.18317852,Singapore
0.19196274681,0.307692307692,0.781801790599,1990,10.04421048,Singapore
0.22021029543,0.307692307692,0.762683412087,1991,6.687076218,Singapore
0.292544394684,0.307692307692,0.665475006217,1992,7.087600945,Singapore
0.0661149023484,0.307692307692,0.520424023875,1993,11.53738744,Singapore
0.0,0.307692307692,0.386595374285,1994,10.92545611,Singapore
0.0632203988344,0.307692307692,0.303251678687,1995,7.02804585,Singapore
0.0616848746195,0.307692307692,0.181609052475,1996,7.531933911,Singapore
0.0284778542359,0.307692307692,0.14517532952,1997,8.291117708,Singapore
0.312076533948,0.307692307692,0.171226063168,1998,-2.225229743,Singapore
0.443814197963,0.307692307692,0.213317582691,1999,6.095204493,Singapore
0.34810085101,0.307692307692,0.239492663517,2000,8.897544418,Singapore
0.609892821129,0.307692307692,0.364306142751,2001,-0.952290066,Singapore
0.925258583397,0.307692307692,0.470809500124,2002,4.211686552,Singapore
0.982761973741,1.0,0.557759263865,2003,4.435328147,Singapore
0.812475093617,1.0,0.630502362596,2004,9.549175476,Singapore
0.629636844746,0.666666666667,0.683847301666,2005,7.489157459,Singapore
0.329298667209,0.666666666667,0.705545884108,2006,8.860196114,Singapore
0.188188387452,0.5,0.740425267346,2007,9.111527148,Singapore
0.676067363363,0.166666666667,0.810277294205,2008,1.787620228,Singapore
0.933150906049,0.0,0.90608679433,2009,-0.603388298,Singapore
0.82175954545,0.0,1.0,2010,15.24037704,Singapore
0.908553746835,0.0,0.99490176573,2011,6.207448728,Singapore
1.0,0.0,0.958623476747,2012,3.670136095,Singapore
0.795541851282,0.0,0.897693359861,2013,4.67547762,Singapore
0.808502603099,0.0,0.820100721214,2014,3.260015288,Singapore
1.0,0.0,0.729482715742,2015,2.008372345,Singapore
0.0927904447935,0.524463163487,0.0929743390078,1990,-2.999995642,Russian Federation
0.0460154995944,0.524463163487,0.0929743390078,1991,-5.046939451,Russian Federation
0.0141878247061,0.147633272902,0.0929743390078,1992,-14.53107377,Russian Federation
0.0,0.0383138950258,0.0929743390078,1993,-8.668540341,Russian Federation
0.00738733451853,0.0322144990935,0.0929743390078,1994,-12.56975598,Russian Federation
0.0393530904258,0.0,1.0,1995,-4.143528406,Russian Federation
0.125084143121,0.0301960467694,0.443642776917,1996,-3.6,Russian Federation
0.21744308473,0.0334182306614,0.0756239645326,1997,1.399999999,Russian Federation
0.317085800093,0.109363416836,0.106888995801,1998,-5.299999999,Russian Federation
0.422389837237,0.0896046035393,0.100235155813,1999,6.4,Russian Federation
0.527970036419,0.16204869241,0.0512265512224,2000,9.999999999,Russian Federation
0.579060013463,0.291926924686,0.0303030302966,2001,5.091984231,Russian Federation
0.630926696239,0.484788209302,0.0232216343363,2002,4.743669897,Russian Federation
0.686159103854,0.774498506345,0.0144834589305,2003,7.295854331,Russian Federation
0.748450903568,0.992990465565,0.00956656513489,2004,7.175949192,Russian Federation
0.820339334104,0.956019758813,0.00713484045931,2005,6.376187027,Russian Federation
0.865612648221,0.925618196898,0.00630645075263,2006,8.153431973,Russian Federation
0.922691889466,1.0,0.00505050504142,2007,8.535080209,Russian Federation
0.973436663963,0.88637214389,0.0120784565252,2008,5.247953532,Russian Federation
1.0,0.92895047819,0.0219656886251,2009,-7.820885027,Russian Federation
0.995460586499,0.887561195805,0.00756239646384,2010,4.503725626,Russian Federation
0.959732122823,0.896589182564,0.0,2011,4.264176565,Russian Federation
0.894298979926,0.839529370316,0.00205761317001,2012,3.517941865,Russian Federation
0.809758876021,0.817289695617,0.00323339212476,2013,1.279453911,Russian Federation
0.718608143328,0.737725974912,0.00860456417279,2014,0.70637056,Russian Federation
0.6261111207,1.0,0.0232750788449,2015,-3.72667344,Russian Federation
0.368304456311,0.565217380249,0.159395106373,1985,-5.503595678,Saudi Arabia
0.368304456311,0.565217380249,0.00713849621941,1986,4.845845048,Saudi Arabia
0.368304456311,0.565217380249,0.0560865073029,1987,-3.759926789,Saudi Arabia
0.368304456311,0.565217380249,0.0182689146668,1988,8.223991545,Saudi Arabia
0.368304456311,0.565217380249,0.0619452402198,1989,0.062506708,Saudi Arabia
0.368304456311,0.565217380249,0.118607053961,1990,8.328471463,Saudi Arabia
0.368304456311,1.0,0.0833137650871,1991,9.103787288,Saudi Arabia
0.368304456311,0.739130443648,0.0720776781102,1992,4.628560374,Saudi Arabia
0.368304456311,0.695652218677,0.0474216878786,1993,0.026115434,Saudi Arabia
0.368304456311,0.260869555917,0.032487202367,1994,0.665483838,Saudi Arabia
0.368304456311,0.478260887297,0.0471516460809,1995,0.200956793,Saudi Arabia
0.368304456311,0.739130443648,0.0905931526793,1996,3.383813431,Saudi Arabia
0.0599616009452,0.826086893157,0.0724299065421,1997,2.592679568,Saudi Arabia
0.0,0.913043550057,0.0,1998,2.834525185,Saudi Arabia
0.0264362723379,0.0,0.0557695017142,1999,-0.748492103,Saudi Arabia
0.327573475114,0.13043467448,0.186669327948,2000,4.864539865,Saudi Arabia
0.275587062472,0.13043467448,0.134469074344,2001,0.547644944,Saudi Arabia
0.188450745828,0.391304230397,0.137369088433,2002,0.127703034,Saudi Arabia
0.501403042387,0.695652218677,0.195827267177,2003,7.659270219,Saudi Arabia
0.56254615271,0.695652218677,0.317346076175,2004,9.254206213,Saudi Arabia
0.992615566386,0.695652218677,0.493448551167,2005,7.256017518,Saudi Arabia
0.687343080786,0.86956532552,0.606267317898,2006,5.576747435,Saudi Arabia
0.721606852754,0.608695561777,0.679436904147,2007,5.992309707,Saudi Arabia
1.0,0.34782600586,1.0,2008,8.427164639,Saudi Arabia
0.274257864422,0.478260887297,0.555041562955,2009,1.829176099,Saudi Arabia
0.339093191552,0.478260887297,0.762985488189,2010,4.761882035,Saudi Arabia
0.28193767538,0.65217399414,0.946672615414,2011,9.95893281,Saudi Arabia
0.0977699010486,0.56521733724,0.936070539614,2012,5.38446595,Saudi Arabia
0.24176635652,0.608695561777,0.980580472456,2013,2.669911395,Saudi Arabia
0.339831634914,0.56521733724,0.924235664303,2014,3.638741595,Saudi Arabia
0.0796041943583,1.0,0.403090217442,2015,3.485656413,Saudi Arabia
